"datetime","count"
"2011-01-01 09:00:00",13.6366537552173
"2011-01-01 22:00:00",27.1405587153648
"2011-01-02 00:00:00",17.3759752221099
"2011-01-02 01:00:00",17.8721561623826
"2011-01-02 10:00:00",58.0129782698024
"2011-01-02 18:00:00",53.1135146474017
"2011-01-02 19:00:00",33.4803080257579
"2011-01-03 09:00:00",89.535666359173
"2011-01-03 15:00:00",71.1888210513532
"2011-01-03 18:00:00",155.833741673153
"2011-01-03 22:00:00",20.1440036080495
"2011-01-04 06:00:00",37.2886522640331
"2011-01-04 12:00:00",77.7226812887037
"2011-01-04 14:00:00",58.0129782698024
"2011-01-04 19:00:00",117.431255974353
"2011-01-05 06:00:00",32.8843421314092
"2011-01-05 12:00:00",74.4659061824776
"2011-01-05 14:00:00",60.6701148973514
"2011-01-05 17:00:00",185.08551663069
"2011-01-05 20:00:00",89.6656593318995
"2011-01-05 23:00:00",18.2088224677272
"2011-01-06 01:00:00",4.81149587416959
"2011-01-06 07:00:00",96.339839324957
"2011-01-06 17:00:00",168.838742960363
"2011-01-06 18:00:00",154.011040598642
"2011-01-06 21:00:00",51.339922541354
"2011-01-06 23:00:00",23.6404961090554
"2011-01-07 08:00:00",205.780702835734
"2011-01-07 14:00:00",50.4563780198526
"2011-01-07 23:00:00",14.744598107535
"2011-01-08 11:00:00",61.4608950966817
"2011-01-08 17:00:00",70.0976312734035
"2011-01-08 19:00:00",29.6764091045471
"2011-01-09 02:00:00",11.9775271678217
"2011-01-09 04:00:00",3.16808962683499
"2011-01-09 08:00:00",10.8837065955992
"2011-01-09 15:00:00",86.229110159004
"2011-01-09 16:00:00",93.8541601743043
"2011-01-10 01:00:00",3.69653870792139
"2011-01-10 03:00:00",3.16808962683499
"2011-01-10 04:00:00",3.69653870792139
"2011-01-10 07:00:00",72.1563569104883
"2011-01-10 15:00:00",45.0469458803124
"2011-01-10 16:00:00",74.4659061824776
"2011-01-10 19:00:00",99.4704527090559
"2011-01-10 20:00:00",71.6278557352846
"2011-01-10 23:00:00",17.6803733866409
"2011-01-11 00:00:00",12.0706498246158
"2011-01-11 10:00:00",54.0038766473818
"2011-01-11 13:00:00",56.0291630235198
"2011-01-12 01:00:00",6.62693172142433
"2011-01-12 08:00:00",133.199706609477
"2011-01-12 17:00:00",139.075864594228
"2011-01-12 20:00:00",52.7335391029887
"2011-01-13 00:00:00",7.15538080251073
"2011-01-13 01:00:00",3.16808962683499
"2011-01-13 07:00:00",70.7627403488536
"2011-01-13 14:00:00",40.2892726754055
"2011-01-13 15:00:00",54.7064220696334
"2011-01-13 19:00:00",98.470265887652
"2011-01-14 00:00:00",13.879482721104
"2011-01-14 07:00:00",70.7627403488536
"2011-01-14 12:00:00",61.4608950966817
"2011-01-14 14:00:00",63.563771036053
"2011-01-14 22:00:00",34.6146249983885
"2011-01-15 10:00:00",52.6035461302621
"2011-01-15 12:00:00",86.1081658878843
"2011-01-15 13:00:00",105.840187144031
"2011-01-15 18:00:00",81.7398909788101
"2011-01-15 21:00:00",56.1591559962463
"2011-01-16 00:00:00",37.7035755863015
"2011-01-16 11:00:00",94.9326834911406
"2011-01-16 13:00:00",120.509782467244
"2011-01-16 17:00:00",106.695887467667
"2011-01-16 21:00:00",27.6237271465324
"2011-01-17 00:00:00",17.8721561623826
"2011-01-17 20:00:00",36.4483514456774
"2011-01-18 22:00:00",33.2210084367538
"2011-01-19 02:00:00",3.91118606098039
"2011-01-19 04:00:00",3.69653870792139
"2011-01-19 06:00:00",32.8843421314092
"2011-01-19 11:00:00",54.7064220696334
"2011-01-19 15:00:00",86.229110159004
"2011-01-19 18:00:00",154.011040598642
"2011-02-01 01:00:00",3.91118606098039
"2011-02-01 05:00:00",3.91118606098039
"2011-02-01 09:00:00",118.069009836625
"2011-02-01 10:00:00",51.2099295686275
"2011-02-01 15:00:00",50.4563780198526
"2011-02-02 01:00:00",3.91118606098039
"2011-02-02 02:00:00",6.66458212784091
"2011-02-02 07:00:00",51.5317053170958
"2011-02-02 10:00:00",61.4608950966817
"2011-02-02 11:00:00",54.7064220696334
"2011-02-02 12:00:00",62.8612256138014
"2011-02-02 18:00:00",187.237988402359
"2011-02-02 19:00:00",85.656557709479
"2011-02-02 21:00:00",60.72572058886
"2011-02-02 23:00:00",35.7458060234258
"2011-02-03 06:00:00",37.2886522640331
"2011-02-03 19:00:00",100.172998131307
"2011-02-03 20:00:00",112.197866905716
"2011-02-04 01:00:00",7.31202360251582
"2011-02-04 05:00:00",7.31202360251582
"2011-02-04 06:00:00",27.2368668598312
"2011-02-04 12:00:00",89.535666359173
"2011-02-04 15:00:00",89.535666359173
"2011-02-04 20:00:00",68.1247483067587
"2011-02-04 22:00:00",44.3117713724907
"2011-02-05 11:00:00",51.7383786497139
"2011-02-06 01:00:00",40.785144765039
"2011-02-06 04:00:00",3.16808962683499
"2011-02-06 08:00:00",24.0681172805482
"2011-02-06 14:00:00",163.657311079163
"2011-02-06 15:00:00",178.111059364964
"2011-02-06 19:00:00",20.6724526891359
"2011-02-06 20:00:00",26.300986192646
"2011-02-07 03:00:00",3.16808962683499
"2011-02-07 08:00:00",229.781251015066
"2011-02-07 11:00:00",46.9555109253752
"2011-02-07 19:00:00",122.982705867323
"2011-02-07 20:00:00",87.6818440856169
"2011-02-07 22:00:00",36.0149555155081
"2011-02-07 23:00:00",24.9632370629418
"2011-02-08 05:00:00",3.16808962683499
"2011-02-08 07:00:00",100.135172507285
"2011-02-08 08:00:00",243.756528353361
"2011-02-08 09:00:00",137.208808231898
"2011-02-08 14:00:00",62.8612256138014
"2011-02-08 16:00:00",86.229110159004
"2011-02-08 21:00:00",58.1429712425289
"2011-02-08 23:00:00",12.734688945484
"2011-02-09 02:00:00",3.69653870792139
"2011-02-09 12:00:00",54.7064220696334
"2011-02-10 12:00:00",70.0976312734035
"2011-02-10 20:00:00",100.172998131307
"2011-02-10 23:00:00",33.7494575178402
"2011-02-11 05:00:00",4.81149587416959
"2011-02-11 07:00:00",71.29118942994
"2011-02-11 21:00:00",51.8683716224404
"2011-02-12 01:00:00",23.8614439479301
"2011-02-12 06:00:00",3.69653870792139
"2011-02-12 10:00:00",82.0909561977779
"2011-02-12 15:00:00",177.387677334895
"2011-02-12 20:00:00",38.1537676504641
"2011-02-12 21:00:00",50.5863709925792
"2011-02-12 22:00:00",42.44455202427
"2011-02-13 08:00:00",12.7126495815262
"2011-02-13 18:00:00",98.9178646022581
"2011-02-13 19:00:00",60.800107870078
"2011-02-14 00:00:00",11.6081028190959
"2011-02-14 02:00:00",3.16808962683499
"2011-02-14 04:00:00",3.16808962683499
"2011-02-14 06:00:00",26.3716993792829
"2011-02-14 07:00:00",98.7348419901652
"2011-02-14 08:00:00",248.334651531518
"2011-02-14 18:00:00",199.287905702778
"2011-02-15 00:00:00",19.1371403784882
"2011-02-15 13:00:00",77.7226812887037
"2011-02-15 14:00:00",76.0613241011215
"2011-02-15 16:00:00",105.840187144031
"2011-02-15 18:00:00",200.94926289036
"2011-02-16 09:00:00",120.749836955225
"2011-02-16 19:00:00",156.123149422858
"2011-02-17 01:00:00",6.62693172142433
"2011-02-17 04:00:00",5.96203670558934
"2011-02-17 12:00:00",97.8713698644106
"2011-02-17 13:00:00",126.678177058316
"2011-02-17 22:00:00",73.534180446299
"2011-02-18 05:00:00",7.15538080251073
"2011-02-18 21:00:00",69.6574568364975
"2011-02-18 22:00:00",99.0478575749846
"2011-02-19 03:00:00",7.31202360251582
"2011-02-19 10:00:00",107.375411425846
"2011-02-19 18:00:00",89.7087082584303
"2011-03-01 04:00:00",3.16808962683499
"2011-03-01 17:00:00",246.418486005294
"2011-03-02 03:00:00",5.96203670558934
"2011-03-02 04:00:00",3.69653870792139
"2011-03-02 11:00:00",73.4041874735725
"2011-03-02 12:00:00",83.1748480210798
"2011-03-02 14:00:00",94.0769831675045
"2011-03-02 19:00:00",153.979919399597
"2011-03-03 04:00:00",3.16808962683499
"2011-03-03 07:00:00",116.22942218846
"2011-03-03 13:00:00",77.7226812887037
"2011-03-04 06:00:00",30.1036823415032
"2011-03-04 07:00:00",82.52594432538
"2011-03-04 15:00:00",104.415672067291
"2011-03-04 18:00:00",196.192377312086
"2011-03-05 00:00:00",19.2183748352429
"2011-03-05 01:00:00",23.3038298037108
"2011-03-05 05:00:00",3.91118606098039
"2011-03-05 10:00:00",103.007136516772
"2011-03-05 11:00:00",161.104754130404
"2011-03-06 03:00:00",10.9976921230197
"2011-03-07 11:00:00",59.8385762629377
"2011-03-07 12:00:00",100.047397158217
"2011-03-07 18:00:00",232.658619557493
"2011-03-07 22:00:00",33.7494575178402
"2011-03-08 06:00:00",46.240603064814
"2011-03-08 07:00:00",125.952595762147
"2011-03-08 08:00:00",250.991788159067
"2011-03-08 09:00:00",149.268094834595
"2011-03-08 17:00:00",247.279423045024
"2011-03-08 20:00:00",72.4930232158329
"2011-03-08 23:00:00",40.4192656481321
"2011-03-09 00:00:00",9.60407556138504
"2011-03-09 14:00:00",69.527463863771
"2011-03-09 21:00:00",60.800107870078
"2011-03-10 08:00:00",44.1817783997641
"2011-03-10 09:00:00",23.2029497999999
"2011-03-10 14:00:00",12.5407650099314
"2011-03-10 22:00:00",36.4483514456774
"2011-03-10 23:00:00",26.7083656846276
"2011-03-11 02:00:00",5.30480262261507
"2011-03-11 03:00:00",3.16808962683499
"2011-03-11 11:00:00",77.7226812887037
"2011-03-11 19:00:00",122.840688113893
"2011-03-12 09:00:00",106.695887467667
"2011-03-12 10:00:00",105.840187144031
"2011-03-12 12:00:00",159.244724686145
"2011-03-12 13:00:00",161.323984721335
"2011-03-12 17:00:00",214.386468365099
"2011-03-12 18:00:00",153.163595231796
"2011-03-13 13:00:00",217.067295483698
"2011-03-13 17:00:00",237.518984595979
"2011-03-13 20:00:00",75.3031923510228
"2011-03-13 22:00:00",39.7549076458464
"2011-03-14 00:00:00",10.8085161035217
"2011-03-14 03:00:00",3.91118606098039
"2011-03-14 07:00:00",86.0224368263859
"2011-03-14 16:00:00",106.695887467667
"2011-03-14 19:00:00",148.300006486965
"2011-03-14 22:00:00",47.2798147924102
"2011-03-14 23:00:00",19.0739899482755
"2011-03-15 06:00:00",35.6782892101635
"2011-03-15 08:00:00",293.382737644709
"2011-03-15 09:00:00",158.490878300702
"2011-03-15 17:00:00",214.340332551065
"2011-03-16 00:00:00",8.81415574034151
"2011-03-16 12:00:00",90.5644085820664
"2011-03-16 14:00:00",103.007136516772
"2011-03-16 20:00:00",125.497824741442
"2011-03-16 23:00:00",24.4834220878158
"2011-03-17 05:00:00",13.879482721104
"2011-03-17 07:00:00",141.320628714411
"2011-03-17 11:00:00",89.7087082584303
"2011-03-17 22:00:00",87.2846535984582
"2011-03-18 01:00:00",15.8305841783193
"2011-03-18 03:00:00",5.33994495525598
"2011-03-18 08:00:00",274.1676783715
"2011-03-18 11:00:00",154.42890640806
"2011-03-18 13:00:00",174.213342244528
"2011-03-18 14:00:00",176.858922558032
"2011-03-18 17:00:00",332.032535952197
"2011-03-18 19:00:00",188.731842116925
"2011-03-19 02:00:00",23.3038298037108
"2011-03-19 09:00:00",80.0593270630519
"2011-03-19 11:00:00",207.937962030047
"2011-03-19 17:00:00",269.715022398625
"2011-04-01 00:00:00",6.62693172142433
"2011-04-01 04:00:00",3.91118606098039
"2011-04-01 07:00:00",99.8363318259629
"2011-04-01 09:00:00",171.495879587912
"2011-04-01 14:00:00",84.0305483447159
"2011-04-01 19:00:00",134.944523441402
"2011-04-02 08:00:00",53.1135146474017
"2011-04-02 12:00:00",185.265405569298
"2011-04-02 23:00:00",56.3285779227865
"2011-04-03 15:00:00",271.157221311061
"2011-04-03 21:00:00",44.4283672705526
"2011-04-04 03:00:00",3.69653870792139
"2011-04-04 08:00:00",328.071835890584
"2011-04-04 10:00:00",87.6159273130017
"2011-04-04 12:00:00",154.42890640806
"2011-04-04 13:00:00",143.528430461747
"2011-04-04 17:00:00",357.418144808099
"2011-04-04 21:00:00",99.0478575749846
"2011-04-04 22:00:00",76.3825184520335
"2011-04-05 02:00:00",5.68206019407944
"2011-04-05 03:00:00",4.43963514206679
"2011-04-05 09:00:00",45.0469458803124
"2011-04-05 11:00:00",18.0788294950007
"2011-04-05 14:00:00",73.4041874735725
"2011-04-06 03:00:00",4.81149587416959
"2011-04-06 04:00:00",3.16808962683499
"2011-04-06 08:00:00",324.32344990828
"2011-04-06 16:00:00",163.77117931554
"2011-04-06 22:00:00",82.2209491705044
"2011-04-07 00:00:00",19.2183748352429
"2011-04-07 02:00:00",7.31202360251582
"2011-04-07 03:00:00",3.91118606098039
"2011-04-07 09:00:00",165.653300304049
"2011-04-07 11:00:00",119.138615402372
"2011-04-07 13:00:00",134.217821578213
"2011-04-08 05:00:00",9.34260482142791
"2011-04-08 06:00:00",34.2779586930438
"2011-04-08 07:00:00",114.829244020291
"2011-04-08 15:00:00",23.2029497999999
"2011-04-08 16:00:00",61.4608950966817
"2011-04-08 18:00:00",58.0129782698024
"2011-04-08 19:00:00",51.8683716224404
"2011-04-08 22:00:00",50.5863709925792
"2011-04-09 07:00:00",20.6825314222789
"2011-04-09 11:00:00",144.251812491816
"2011-04-09 14:00:00",209.626575260362
"2011-04-10 06:00:00",4.81149587416959
"2011-04-10 07:00:00",10.1059706812702
"2011-04-10 10:00:00",147.510089721758
"2011-04-10 11:00:00",207.937962030047
"2011-04-10 13:00:00",259.345360729801
"2011-04-10 16:00:00",289.329064276521
"2011-04-10 17:00:00",233.599908245007
"2011-04-10 23:00:00",29.6764091045471
"2011-04-11 00:00:00",24.1467557824711
"2011-04-11 05:00:00",12.8625407583997
"2011-04-11 06:00:00",61.2542217640636
"2011-04-11 16:00:00",236.714571395293
"2011-04-11 19:00:00",281.360722102642
"2011-04-12 01:00:00",12.1312570574081
"2011-04-12 05:00:00",16.2503314153234
"2011-04-12 09:00:00",54.7064220696334
"2011-04-12 14:00:00",45.2402166681198
"2011-04-12 15:00:00",75.1731993782963
"2011-04-13 01:00:00",3.16808962683499
"2011-04-13 06:00:00",33.4127912124956
"2011-04-13 20:00:00",126.289262067492
"2011-04-13 21:00:00",114.127063750826
"2011-04-13 22:00:00",106.136690959026
"2011-04-14 04:00:00",9.34260482142791
"2011-04-14 06:00:00",69.8909579407854
"2011-04-14 07:00:00",190.599377171298
"2011-04-14 09:00:00",166.699795041896
"2011-04-15 03:00:00",3.91118606098039
"2011-04-15 13:00:00",178.96668437415
"2011-04-15 20:00:00",120.639775439971
"2011-04-16 09:00:00",27.4435401924493
"2011-04-16 14:00:00",62.3314720849336
"2011-04-16 15:00:00",75.5255886101319
"2011-04-16 17:00:00",14.6146051348085
"2011-04-16 18:00:00",37.9102489189195
"2011-04-16 22:00:00",24.1981102532747
"2011-04-17 01:00:00",30.6624837530888
"2011-04-17 05:00:00",4.56170618846967
"2011-04-17 09:00:00",104.415672067291
"2011-04-17 17:00:00",301.553796039032
"2011-04-17 22:00:00",74.4474920273867
"2011-04-18 03:00:00",7.98732308172731
"2011-04-18 10:00:00",111.030499627811
"2011-04-18 14:00:00",144.251812491816
"2011-04-18 16:00:00",202.763265310401
"2011-04-18 20:00:00",172.652115952773
"2011-04-18 21:00:00",154.073664331712
"2011-04-19 11:00:00",67.3951765128874
"2011-04-19 15:00:00",127.868929523474
"2011-04-19 19:00:00",279.084649067573
"2011-04-19 21:00:00",123.608434948892
"2011-04-19 23:00:00",53.2435076201282
"2011-05-01 02:00:00",50.2497046872345
"2011-05-01 08:00:00",59.1116393937626
"2011-05-02 09:00:00",175.265462728366
"2011-05-02 12:00:00",189.758264023191
"2011-05-02 13:00:00",167.061520227832
"2011-05-02 16:00:00",272.391361126025
"2011-05-02 18:00:00",509.099083500039
"2011-05-02 19:00:00",309.255228723481
"2011-05-02 20:00:00",227.106287230365
"2011-05-02 21:00:00",238.587057939109
"2011-05-03 12:00:00",209.017612063361
"2011-05-03 14:00:00",155.762218137965
"2011-05-03 21:00:00",227.310261694311
"2011-05-03 23:00:00",62.4614650576602
"2011-05-04 00:00:00",25.9643198873014
"2011-05-05 05:00:00",33.1436417204133
"2011-05-05 07:00:00",269.485682187403
"2011-05-05 16:00:00",274.082661237464
"2011-05-05 19:00:00",352.112741400474
"2011-05-06 00:00:00",54.5681985023658
"2011-05-06 04:00:00",3.16808962683499
"2011-05-06 10:00:00",130.994157146968
"2011-05-06 11:00:00",163.785581249004
"2011-05-06 14:00:00",213.491119678094
"2011-05-06 16:00:00",344.403876661106
"2011-05-07 09:00:00",218.652776833409
"2011-05-07 11:00:00",353.349488856674
"2011-05-07 19:00:00",265.05533551226
"2011-05-08 01:00:00",57.8063049371843
"2011-05-08 03:00:00",31.9280127150194
"2011-05-08 05:00:00",5.68206019407944
"2011-05-08 06:00:00",6.20511243580426
"2011-05-09 06:00:00",83.9195608870147
"2011-05-09 19:00:00",386.428933030338
"2011-05-09 20:00:00",240.88756886659
"2011-05-09 22:00:00",119.784075116334
"2011-05-10 01:00:00",15.1280387560677
"2011-05-10 07:00:00",311.881397674776
"2011-05-10 15:00:00",183.960806483456
"2011-05-10 19:00:00",433.576845902043
"2011-05-10 21:00:00",215.416233750708
"2011-05-11 06:00:00",101.159072779849
"2011-05-11 07:00:00",312.811560792507
"2011-05-11 11:00:00",135.54146733785
"2011-05-11 14:00:00",176.213907250246
"2011-05-11 15:00:00",177.818019677124
"2011-05-11 19:00:00",406.503944566619
"2011-05-11 21:00:00",241.10736678072
"2011-05-12 04:00:00",6.21050927516584
"2011-05-12 10:00:00",152.80247877941
"2011-05-12 12:00:00",206.465055114602
"2011-05-12 18:00:00",519.062708296805
"2011-05-13 00:00:00",55.8224896909017
"2011-05-13 04:00:00",5.30480262261507
"2011-05-13 05:00:00",22.9962764673818
"2011-05-13 08:00:00",382.022324957451
"2011-05-13 10:00:00",131.258082219658
"2011-05-13 13:00:00",215.292020161397
"2011-05-13 14:00:00",189.583807808558
"2011-05-13 22:00:00",135.632687634299
"2011-05-14 04:00:00",5.33994495525598
"2011-05-14 06:00:00",10.9976921230197
"2011-05-14 09:00:00",93.8541601743043
"2011-05-14 14:00:00",218.652776833409
"2011-05-14 19:00:00",246.747447428649
"2011-05-15 03:00:00",31.9280127150194
"2011-05-15 07:00:00",40.785144765039
"2011-05-15 16:00:00",433.587772923422
"2011-05-16 04:00:00",6.21050927516584
"2011-05-16 12:00:00",213.754741730332
"2011-05-16 17:00:00",283.986720271053
"2011-05-16 20:00:00",195.611945617734
"2011-05-17 00:00:00",28.4652495976024
"2011-05-17 03:00:00",4.43963514206679
"2011-05-17 08:00:00",351.385668533482
"2011-05-17 16:00:00",291.473183220299
"2011-05-17 17:00:00",599.750855036071
"2011-05-17 21:00:00",174.607810880032
"2011-05-17 23:00:00",58.1429712425289
"2011-05-18 08:00:00",465.903532608263
"2011-05-19 00:00:00",27.2870608411878
"2011-05-19 19:00:00",414.664334056159
"2011-06-01 01:00:00",16.4071242625599
"2011-06-01 03:00:00",6.62693172142433
"2011-06-01 04:00:00",4.81149587416959
"2011-06-01 10:00:00",116.178876043817
"2011-06-01 13:00:00",163.852017916542
"2011-06-01 15:00:00",154.369029340392
"2011-06-01 16:00:00",278.404234544303
"2011-06-01 17:00:00",487.319799296267
"2011-06-01 20:00:00",261.769926275485
"2011-06-01 22:00:00",127.926928764023
"2011-06-02 00:00:00",42.0753779680508
"2011-06-02 01:00:00",15.1280387560677
"2011-06-02 06:00:00",118.13580022046
"2011-06-02 13:00:00",198.441692003563
"2011-06-02 23:00:00",120.639775439971
"2011-06-03 02:00:00",12.3340916773133
"2011-06-03 04:00:00",6.21050927516584
"2011-06-03 06:00:00",104.408199202396
"2011-06-03 07:00:00",269.264994186078
"2011-06-03 14:00:00",246.617454455923
"2011-06-03 17:00:00",563.845276030451
"2011-06-03 19:00:00",387.243245814844
"2011-06-03 20:00:00",296.037347190612
"2011-06-03 22:00:00",173.123955754373
"2011-06-04 08:00:00",130.994157146968
"2011-06-04 10:00:00",318.795362770658
"2011-06-04 15:00:00",398.916578072921
"2011-06-04 18:00:00",338.904646893636
"2011-06-05 04:00:00",12.3106482413474
"2011-06-05 06:00:00",21.4377124965457
"2011-06-05 07:00:00",26.6103860038798
"2011-06-05 11:00:00",335.087248689424
"2011-06-05 19:00:00",354.378270320417
"2011-06-05 21:00:00",172.654721986939
"2011-06-06 02:00:00",8.3079883751755
"2011-06-06 03:00:00",5.30480262261507
"2011-06-06 15:00:00",171.133330581936
"2011-06-06 22:00:00",175.611855311328
"2011-06-06 23:00:00",54.8364150423599
"2011-06-07 02:00:00",5.96203670558934
"2011-06-07 04:00:00",5.30480262261507
"2011-06-07 05:00:00",34.0088092009615
"2011-06-07 06:00:00",125.928905271097
"2011-06-07 07:00:00",337.067043429456
"2011-06-07 14:00:00",152.313644184366
"2011-06-07 15:00:00",187.022842104944
"2011-06-07 23:00:00",87.2846535984582
"2011-06-08 12:00:00",147.123518776391
"2011-06-08 18:00:00",445.965175308595
"2011-06-08 22:00:00",177.176585827019
"2011-06-09 12:00:00",138.539394885052
"2011-06-09 13:00:00",133.781506614567
"2011-06-09 18:00:00",453.173656814731
"2011-06-09 19:00:00",326.808359657741
"2011-06-09 21:00:00",173.384160864417
"2011-06-10 12:00:00",202.763265310401
"2011-06-10 18:00:00",470.737043219294
"2011-06-11 04:00:00",13.100568062391
"2011-06-11 06:00:00",39.4182413405018
"2011-06-11 12:00:00",348.888100783841
"2011-06-11 13:00:00",392.993575873266
"2011-06-11 14:00:00",377.14395575969
"2011-06-11 15:00:00",374.139443452674
"2011-06-11 19:00:00",259.876762322023
"2011-06-12 05:00:00",9.17855269508535
"2011-06-12 06:00:00",13.100568062391
"2011-06-12 08:00:00",100.047397158217
"2011-06-12 15:00:00",355.347945950038
"2011-06-12 16:00:00",349.948300285728
"2011-06-12 19:00:00",215.422013134123
"2011-06-12 20:00:00",213.938158008465
"2011-06-12 21:00:00",138.669387857778
"2011-06-12 23:00:00",107.505404398572
"2011-06-13 00:00:00",26.6103860038798
"2011-06-13 04:00:00",4.43963514206679
"2011-06-13 06:00:00",104.408199202396
"2011-06-13 07:00:00",317.760387614944
"2011-06-13 12:00:00",198.441692003563
"2011-06-13 13:00:00",229.545282226404
"2011-06-13 22:00:00",139.91295573375
"2011-06-14 01:00:00",13.4709803417355
"2011-06-14 09:00:00",197.704295865461
"2011-06-14 17:00:00",567.307607865027
"2011-06-14 20:00:00",296.749295909089
"2011-06-15 00:00:00",50.2497046872345
"2011-06-15 01:00:00",13.879482721104
"2011-06-15 09:00:00",206.101636306695
"2011-06-15 13:00:00",193.460053827392
"2011-06-15 16:00:00",306.246536036853
"2011-06-15 17:00:00",650.599298533444
"2011-06-15 18:00:00",606.393910618363
"2011-06-16 09:00:00",271.122921878909
"2011-06-16 22:00:00",154.499022313118
"2011-06-17 03:00:00",6.21050927516584
"2011-06-17 13:00:00",197.496465901808
"2011-06-17 16:00:00",347.620082225952
"2011-06-17 21:00:00",209.870987066157
"2011-06-18 05:00:00",7.15538080251073
"2011-06-18 09:00:00",215.292020161397
"2011-06-18 16:00:00",464.937431198531
"2011-06-18 18:00:00",380.472724531827
"2011-06-18 20:00:00",187.15283507767
"2011-06-18 21:00:00",187.15283507767
"2011-06-19 00:00:00",86.9479872931136
"2011-06-19 05:00:00",19.1371403784882
"2011-06-19 07:00:00",73.6946500084073
"2011-06-19 12:00:00",395.665096176544
"2011-06-19 13:00:00",372.169122389369
"2011-06-19 18:00:00",293.202655772801
"2011-06-19 20:00:00",232.246046092076
"2011-07-01 00:00:00",74.1108257220421
"2011-07-01 02:00:00",12.1312570574081
"2011-07-01 04:00:00",6.21050927516584
"2011-07-02 11:00:00",346.069953773654
"2011-07-02 12:00:00",374.139443452674
"2011-07-02 17:00:00",345.84618468761
"2011-07-02 18:00:00",371.650922217096
"2011-07-02 20:00:00",287.975202123589
"2011-07-03 00:00:00",144.323143232703
"2011-07-03 06:00:00",3.91118606098039
"2011-07-03 08:00:00",91.9375006198402
"2011-07-03 14:00:00",369.50194452827
"2011-07-03 15:00:00",378.444140654822
"2011-07-03 16:00:00",418.585658115414
"2011-07-03 19:00:00",184.941907308921
"2011-07-03 20:00:00",177.453076906996
"2011-07-03 21:00:00",176.283698428786
"2011-07-04 02:00:00",69.021190383701
"2011-07-04 11:00:00",357.864135138321
"2011-07-04 15:00:00",400.4434328044
"2011-07-04 17:00:00",427.827564197347
"2011-07-04 18:00:00",401.000162060881
"2011-07-05 03:00:00",7.84047268360222
"2011-07-05 07:00:00",268.409293862441
"2011-07-05 13:00:00",203.853336657988
"2011-07-06 02:00:00",5.33994495525598
"2011-07-06 06:00:00",122.504021808549
"2011-07-06 08:00:00",425.100092194727
"2011-07-06 13:00:00",147.945422596278
"2011-07-06 14:00:00",163.612946274233
"2011-07-06 20:00:00",306.279623082569
"2011-07-06 23:00:00",105.970180116757
"2011-07-07 00:00:00",37.4344260942192
"2011-07-07 01:00:00",15.2730992827387
"2011-07-07 06:00:00",120.792936848009
"2011-07-07 08:00:00",439.725055374141
"2011-07-07 09:00:00",174.477817907305
"2011-07-07 12:00:00",173.50138640841
"2011-07-07 17:00:00",565.574748582953
"2011-07-07 20:00:00",281.433136838731
"2011-07-08 03:00:00",6.20511243580426
"2011-07-08 13:00:00",238.457064966383
"2011-07-08 17:00:00",166.854927714081
"2011-07-08 22:00:00",175.611855311328
"2011-07-09 10:00:00",264.925342539534
"2011-07-09 13:00:00",410.998204987953
"2011-07-10 01:00:00",112.525086269217
"2011-07-10 02:00:00",99.8407238255989
"2011-07-10 09:00:00",176.316896915664
"2011-07-10 10:00:00",273.870297982218
"2011-07-10 12:00:00",379.568549620089
"2011-07-10 16:00:00",364.159245743051
"2011-07-10 20:00:00",259.876762322023
"2011-07-10 22:00:00",139.479693204945
"2011-07-11 09:00:00",206.465055114602
"2011-07-11 18:00:00",460.590138488009
"2011-07-11 20:00:00",235.792116893173
"2011-07-12 00:00:00",22.6012843814593
"2011-07-12 06:00:00",108.726693017527
"2011-07-13 01:00:00",12.5059762489081
"2011-07-13 07:00:00",306.267350885586
"2011-07-13 10:00:00",119.138615402372
"2011-07-14 03:00:00",6.21050927516584
"2011-07-14 07:00:00",337.067043429456
"2011-07-14 16:00:00",282.106024348504
"2011-07-14 20:00:00",344.533869633833
"2011-07-14 21:00:00",263.298927540758
"2011-07-16 10:00:00",317.420492122495
"2011-07-16 16:00:00",419.118307154657
"2011-07-16 17:00:00",475.287139473831
"2011-07-16 20:00:00",292.93997141342
"2011-07-16 21:00:00",245.251047379286
"2011-07-16 22:00:00",203.983329630714
"2011-07-16 23:00:00",168.286500398851
"2011-07-17 04:00:00",10.1234242224302
"2011-07-17 15:00:00",313.343103874474
"2011-07-17 16:00:00",305.104407630104
"2011-07-17 21:00:00",205.777768518925
"2011-07-18 08:00:00",348.719997556657
"2011-07-18 12:00:00",171.133330581936
"2011-07-19 00:00:00",49.8065201078654
"2011-07-19 01:00:00",13.4299804225992
"2011-07-19 09:00:00",204.947551878195
"2011-07-19 10:00:00",149.353904825811
"2011-07-19 11:00:00",131.258082219658
"2011-07-19 13:00:00",175.481862338602
"2011-07-19 14:00:00",160.337007295405
"2011-07-19 19:00:00",386.38704931003
"2011-08-01 06:00:00",100.135172507285
"2011-08-01 13:00:00",156.635217491204
"2011-08-01 14:00:00",120.703345918063
"2011-08-02 02:00:00",8.02054828305901
"2011-08-02 12:00:00",162.798633489727
"2011-08-02 13:00:00",198.219847931878
"2011-08-02 14:00:00",163.566380324726
"2011-08-02 18:00:00",547.881983637402
"2011-08-03 07:00:00",259.568962975126
"2011-08-03 09:00:00",205.803252201831
"2011-08-03 16:00:00",153.513329016756
"2011-08-03 19:00:00",317.896576917761
"2011-08-04 07:00:00",292.415173372348
"2011-08-04 13:00:00",204.585381569632
"2011-08-05 00:00:00",54.5681985023658
"2011-08-05 01:00:00",20.1376541600506
"2011-08-05 06:00:00",103.142888026132
"2011-08-05 08:00:00",447.006368039535
"2011-08-05 09:00:00",227.180268721584
"2011-08-05 11:00:00",142.948135699315
"2011-08-05 23:00:00",135.912545066631
"2011-08-06 04:00:00",9.17855269508535
"2011-08-06 05:00:00",6.20511243580426
"2011-08-06 08:00:00",120.509782467244
"2011-08-07 04:00:00",6.21050927516584
"2011-08-07 05:00:00",5.33994495525598
"2011-08-07 09:00:00",178.588395110534
"2011-08-07 16:00:00",194.595191603987
"2011-08-07 21:00:00",134.34781455094
"2011-08-07 22:00:00",105.970180116757
"2011-08-07 23:00:00",54.9048648077104
"2011-08-08 01:00:00",12.3106482413474
"2011-08-08 02:00:00",7.40767856198631
"2011-08-08 03:00:00",3.69653870792139
"2011-08-08 07:00:00",259.568962975126
"2011-08-08 11:00:00",192.945049835718
"2011-08-08 13:00:00",155.968785707317
"2011-08-08 18:00:00",519.062708296805
"2011-08-08 20:00:00",291.603176193026
"2011-08-09 07:00:00",337.067043429456
"2011-08-09 08:00:00",380.693840485241
"2011-08-09 10:00:00",153.163595231796
"2011-08-09 12:00:00",187.022842104944
"2011-08-10 04:00:00",5.33994495525598
"2011-08-10 05:00:00",34.0088092009615
"2011-08-10 11:00:00",153.163595231796
"2011-08-10 12:00:00",237.274665469585
"2011-08-10 14:00:00",181.452865338751
"2011-08-10 16:00:00",281.790823204207
"2011-08-10 18:00:00",550.030833741084
"2011-08-10 23:00:00",107.798048146608
"2011-08-11 00:00:00",42.1078857189254
"2011-08-11 09:00:00",195.481952645008
"2011-08-11 14:00:00",138.539394885052
"2011-08-11 16:00:00",301.049448301881
"2011-08-11 17:00:00",574.134560757088
"2011-08-11 18:00:00",569.08193613154
"2011-08-11 19:00:00",366.402968528185
"2011-08-11 21:00:00",205.565705296087
"2011-08-12 01:00:00",23.3038298037108
"2011-08-12 03:00:00",9.60407556138504
"2011-08-12 06:00:00",73.556687427608
"2011-08-12 10:00:00",127.868929523474
"2011-08-12 17:00:00",511.535766172533
"2011-08-13 03:00:00",24.1467557824711
"2011-08-13 10:00:00",259.746769349297
"2011-08-13 16:00:00",264.896391769748
"2011-08-13 21:00:00",171.263323554662
"2011-08-13 23:00:00",120.639775439971
"2011-08-14 04:00:00",3.69653870792139
"2011-08-14 06:00:00",6.20511243580426
"2011-08-14 10:00:00",181.452865338751
"2011-08-15 00:00:00",24.1467557824711
"2011-08-15 06:00:00",85.3198914041344
"2011-08-15 10:00:00",139.349700232219
"2011-08-15 12:00:00",181.452865338751
"2011-08-15 15:00:00",179.69006640422
"2011-08-15 19:00:00",406.503944566619
"2011-08-15 21:00:00",187.050538814737
"2011-08-16 01:00:00",15.8305841783193
"2011-08-16 06:00:00",119.965212443379
"2011-08-16 10:00:00",116.178876043817
"2011-08-16 15:00:00",155.762218137965
"2011-08-16 20:00:00",284.116713243779
"2011-08-17 00:00:00",24.1467557824711
"2011-08-17 01:00:00",13.727708238948
"2011-08-17 14:00:00",195.692947168448
"2011-08-17 16:00:00",307.429250600735
"2011-08-17 18:00:00",540.722078796069
"2011-08-17 20:00:00",283.204947986661
"2011-08-17 21:00:00",232.090327088972
"2011-08-18 02:00:00",6.20511243580426
"2011-08-18 06:00:00",102.160458883423
"2011-08-18 16:00:00",238.938062899274
"2011-08-18 18:00:00",283.986720271053
"2011-08-19 03:00:00",4.56170618846967
"2011-08-19 11:00:00",166.247207443326
"2011-08-19 12:00:00",218.652776833409
"2011-08-19 13:00:00",226.813166322949
"2011-09-01 01:00:00",20.6825314222789
"2011-09-01 05:00:00",22.9962764673818
"2011-09-01 11:00:00",187.513209340113
"2011-09-01 16:00:00",306.149630109842
"2011-09-01 17:00:00",635.092361240877
"2011-09-01 18:00:00",509.53335677195
"2011-09-01 19:00:00",452.738061052421
"2011-09-01 21:00:00",178.350934176175
"2011-09-01 22:00:00",185.566683689079
"2011-09-02 03:00:00",8.3079883751755
"2011-09-02 12:00:00",258.248332080769
"2011-09-02 16:00:00",378.004009822082
"2011-09-03 08:00:00",90.5644085820664
"2011-09-03 11:00:00",195.183231594483
"2011-09-03 16:00:00",359.473644212681
"2011-09-03 20:00:00",217.197288456425
"2011-09-04 08:00:00",74.3174990546602
"2011-09-04 12:00:00",421.630397006406
"2011-09-04 13:00:00",418.434783524477
"2011-09-05 04:00:00",8.47600727283379
"2011-09-05 09:00:00",161.323984721335
"2011-09-05 12:00:00",346.069953773654
"2011-09-05 14:00:00",346.069953773654
"2011-09-05 16:00:00",283.263078655088
"2011-09-05 23:00:00",20.4743204653952
"2011-09-06 10:00:00",112.00482273266
"2011-09-06 12:00:00",66.6682396437123
"2011-09-07 01:00:00",5.30480262261507
"2011-09-07 03:00:00",3.69653870792139
"2011-09-07 04:00:00",4.81149587416959
"2011-09-07 14:00:00",23.2029497999999
"2011-09-07 16:00:00",145.878913295402
"2011-09-07 18:00:00",241.222235791292
"2011-09-08 01:00:00",4.81149587416959
"2011-09-08 04:00:00",3.91118606098039
"2011-09-08 08:00:00",188.392072830859
"2011-09-08 10:00:00",58.0129782698024
"2011-09-08 17:00:00",107.272009162563
"2011-09-08 20:00:00",87.6818440856169
"2011-09-08 23:00:00",26.1799166035412
"2011-09-09 03:00:00",3.69653870792139
"2011-09-09 06:00:00",53.7972033147637
"2011-09-09 09:00:00",134.332594373958
"2011-09-09 18:00:00",402.460981999745
"2011-09-10 00:00:00",116.951466139562
"2011-09-10 01:00:00",81.8527755148644
"2011-09-10 04:00:00",7.60544295292394
"2011-09-10 07:00:00",50.2497046872345
"2011-09-10 09:00:00",202.763265310401
"2011-09-10 15:00:00",475.487131395634
"2011-09-10 16:00:00",433.843385149298
"2011-09-10 21:00:00",225.776790125934
"2011-09-10 22:00:00",178.241052337691
"2011-09-11 00:00:00",115.972202711199
"2011-09-11 05:00:00",37.606579592708
"2011-09-11 08:00:00",90.5644085820664
"2011-09-11 11:00:00",404.412186874798
"2011-09-11 12:00:00",412.464300262159
"2011-09-11 14:00:00",340.241717643999
"2011-09-11 17:00:00",389.996157978005
"2011-09-11 18:00:00",347.407791302074
"2011-09-11 23:00:00",44.34255095306
"2011-09-12 02:00:00",4.56170618846967
"2011-09-12 07:00:00",310.991955609839
"2011-09-12 09:00:00",173.622117583669
"2011-09-12 17:00:00",596.545301733198
"2011-09-12 21:00:00",195.611945617734
"2011-09-13 02:00:00",4.56170618846967
"2011-09-13 04:00:00",8.02054828305901
"2011-09-13 09:00:00",218.245980136537
"2011-09-13 11:00:00",155.762218137965
"2011-09-13 12:00:00",193.460053827392
"2011-09-13 13:00:00",186.0577823984
"2011-09-13 15:00:00",185.436690716352
"2011-09-13 18:00:00",519.062708296805
"2011-09-13 19:00:00",406.503944566619
"2011-09-13 23:00:00",75.3360237141861
"2011-09-14 07:00:00",370.432145818051
"2011-09-14 08:00:00",427.173068103937
"2011-09-14 09:00:00",198.615221339469
"2011-09-14 12:00:00",207.131630671857
"2011-09-14 14:00:00",113.997070778099
"2011-09-14 21:00:00",207.087329603058
"2011-09-15 05:00:00",33.1436417204133
"2011-09-16 12:00:00",247.279423045024
"2011-09-16 14:00:00",229.545282226404
"2011-09-16 19:00:00",306.279623082569
"2011-09-16 22:00:00",166.540281356887
"2011-09-16 23:00:00",134.776987310663
"2011-09-17 11:00:00",358.01083122941
"2011-09-17 17:00:00",355.347945950038
"2011-09-17 19:00:00",253.351647208357
"2011-09-18 08:00:00",66.6682396437123
"2011-09-18 11:00:00",318.795362770658
"2011-09-18 18:00:00",289.463533355544
"2011-09-18 20:00:00",184.34216943243
"2011-09-18 21:00:00",154.008367672783
"2011-09-18 23:00:00",53.2435076201282
"2011-09-19 00:00:00",33.5893699026016
"2011-09-19 01:00:00",10.1059706812702
"2011-09-19 05:00:00",27.2368668598312
"2011-09-19 07:00:00",334.293334760277
"2011-09-19 12:00:00",186.781164428469
"2011-09-19 13:00:00",167.061520227832
"2011-09-19 17:00:00",567.307607865027
"2011-10-01 23:00:00",58.1429712425289
"2011-10-02 04:00:00",7.40767856198631
"2011-10-02 11:00:00",292.033277294591
"2011-10-03 05:00:00",20.8401995823021
"2011-10-03 11:00:00",121.775093643508
"2011-10-03 19:00:00",313.115115625871
"2011-10-03 22:00:00",93.9841531470308
"2011-10-04 01:00:00",9.34260482142791
"2011-10-04 13:00:00",173.622117583669
"2011-10-04 22:00:00",118.472466525805
"2011-10-05 21:00:00",215.416233750708
"2011-10-05 23:00:00",73.534180446299
"2011-10-06 00:00:00",37.7035755863015
"2011-10-06 05:00:00",22.4678273862954
"2011-10-06 20:00:00",271.252914851636
"2011-10-06 21:00:00",198.571684976289
"2011-10-07 01:00:00",28.6371973769509
"2011-10-07 03:00:00",10.1325246424714
"2011-10-07 04:00:00",5.68206019407944
"2011-10-07 06:00:00",85.3198914041344
"2011-10-07 12:00:00",238.457064966383
"2011-10-07 21:00:00",172.268255430737
"2011-10-07 22:00:00",143.449483175986
"2011-10-07 23:00:00",140.000909222387
"2011-10-08 01:00:00",62.1247987523156
"2011-10-08 06:00:00",22.1629405361885
"2011-10-08 12:00:00",445.393674622163
"2011-10-08 17:00:00",398.916578072921
"2011-10-08 21:00:00",188.731842116925
"2011-10-09 02:00:00",60.3962217500659
"2011-10-09 05:00:00",14.4079318021904
"2011-10-09 11:00:00",423.868021898293
"2011-10-09 12:00:00",441.376701442282
"2011-10-09 14:00:00",498.099900737257
"2011-10-09 22:00:00",144.923734610738
"2011-10-10 01:00:00",36.1116851403328
"2011-10-10 02:00:00",19.2183748352429
"2011-10-10 03:00:00",10.9976921230197
"2011-10-10 12:00:00",362.578518801268
"2011-10-11 04:00:00",5.68206019407944
"2011-10-11 06:00:00",123.271768643548
"2011-10-11 13:00:00",183.505225449641
"2011-10-11 15:00:00",175.481862338602
"2011-10-11 17:00:00",590.849995776495
"2011-10-11 18:00:00",541.9828940332
"2011-10-12 02:00:00",3.16808962683499
"2011-10-12 08:00:00",399.50124264119
"2011-10-12 10:00:00",112.950576040252
"2011-10-12 11:00:00",113.997070778099
"2011-10-12 14:00:00",77.7724623826466
"2011-10-13 00:00:00",14.4079318021904
"2011-10-13 08:00:00",213.632317318433
"2011-10-13 12:00:00",106.006697986299
"2011-10-13 15:00:00",154.369029340392
"2011-10-14 02:00:00",6.62693172142433
"2011-10-14 06:00:00",99.8363318259629
"2011-10-14 10:00:00",127.724671796163
"2011-10-14 12:00:00",71.1888210513532
"2011-10-14 13:00:00",132.860640219251
"2011-10-14 17:00:00",469.965040583628
"2011-10-14 18:00:00",423.03059362098
"2011-10-14 20:00:00",197.834288838187
"2011-10-14 23:00:00",98.0013628371372
"2011-10-15 04:00:00",6.62693172142433
"2011-10-15 06:00:00",19.2183748352429
"2011-10-15 14:00:00",472.041790109975
"2011-10-15 16:00:00",441.508062670143
"2011-10-16 04:00:00",10.8085161035217
"2011-10-16 12:00:00",444.640051027411
"2011-10-16 13:00:00",436.7220848632
"2011-10-16 19:00:00",230.067444634223
"2011-10-16 20:00:00",178.241052337691
"2011-10-17 02:00:00",7.40767856198631
"2011-10-17 05:00:00",30.1036823415032
"2011-10-17 09:00:00",205.803252201831
"2011-10-17 17:00:00",606.393910618363
"2011-10-17 18:00:00",513.887000722673
"2011-10-18 02:00:00",5.33994495525598
"2011-10-18 08:00:00",525.997666857975
"2011-10-18 09:00:00",224.679021450852
"2011-10-19 05:00:00",3.91118606098039
"2011-10-19 10:00:00",122.66096736821
"2011-10-19 16:00:00",204.947551878195
"2011-10-19 19:00:00",188.522065803585
"2011-11-01 02:00:00",4.43963514206679
"2011-11-01 06:00:00",99.1337864037113
"2011-11-01 08:00:00",419.545948227587
"2011-11-01 13:00:00",172.138262458011
"2011-11-01 15:00:00",189.758264023191
"2011-11-02 01:00:00",10.2077723019762
"2011-11-02 04:00:00",4.81149587416959
"2011-11-02 05:00:00",25.8432502981965
"2011-11-02 18:00:00",479.03091437136
"2011-11-02 21:00:00",161.766083586669
"2011-11-03 04:00:00",4.43963514206679
"2011-11-03 08:00:00",412.648063382299
"2011-11-03 18:00:00",429.419054303523
"2011-11-03 21:00:00",143.434394979604
"2011-11-04 02:00:00",10.2077723019762
"2011-11-04 06:00:00",67.7880820014141
"2011-11-04 13:00:00",198.441692003563
"2011-11-04 15:00:00",238.123750114768
"2011-11-04 20:00:00",183.977526287164
"2011-11-05 01:00:00",54.4997487370153
"2011-11-05 09:00:00",149.353904825811
"2011-11-05 15:00:00",346.069953773654
"2011-11-06 10:00:00",258.233038031059
"2011-11-06 16:00:00",351.080887119871
"2011-11-06 21:00:00",92.3227959594486
"2011-11-06 22:00:00",41.1218110703836
"2011-11-07 01:00:00",8.02054828305901
"2011-11-07 02:00:00",3.16808962683499
"2011-11-07 03:00:00",3.91118606098039
"2011-11-07 09:00:00",166.699795041896
"2011-11-07 13:00:00",184.940069911818
"2011-11-07 17:00:00",533.278979523368
"2011-11-07 22:00:00",102.761050261458
"2011-11-08 12:00:00",215.286240777982
"2011-11-08 13:00:00",195.481952645008
"2011-11-08 16:00:00",286.235968760239
"2011-11-09 06:00:00",97.605150501221
"2011-11-09 11:00:00",153.943671358985
"2011-11-09 18:00:00",399.581992686976
"2011-11-09 19:00:00",308.437045463882
"2011-11-10 02:00:00",5.68206019407944
"2011-11-10 22:00:00",86.3591031317305
"2011-11-11 01:00:00",20.1376541600506
"2011-11-11 05:00:00",13.879482721104
"2011-11-11 18:00:00",206.957336630331
"2011-11-11 21:00:00",86.3591031317305
"2011-11-12 00:00:00",62.1247987523156
"2011-11-12 02:00:00",44.091700965208
"2011-11-12 08:00:00",93.8541601743043
"2011-11-12 15:00:00",385.016505128703
"2011-11-12 16:00:00",359.822245184213
"2011-11-12 17:00:00",283.263078655088
"2011-11-12 20:00:00",131.388075192385
"2011-11-13 02:00:00",57.8063049371843
"2011-11-13 04:00:00",6.21050927516584
"2011-11-13 05:00:00",5.30480262261507
"2011-11-13 06:00:00",20.8401995823021
"2011-11-13 12:00:00",354.899274323812
"2011-11-14 09:00:00",239.99811037963
"2011-11-14 21:00:00",219.940703624954
"2011-11-15 14:00:00",143.319490203259
"2011-11-16 01:00:00",5.68206019407944
"2011-11-16 02:00:00",10.1234242224302
"2011-11-16 07:00:00",137.00213489928
"2011-11-16 08:00:00",229.781251015066
"2011-11-16 17:00:00",231.683942244369
"2011-11-16 18:00:00",191.55648221749
"2011-11-17 03:00:00",3.91118606098039
"2011-11-17 07:00:00",165.325513427576
"2011-11-17 17:00:00",395.344626020561
"2011-11-17 20:00:00",168.96873593309
"2011-11-17 22:00:00",83.391059711811
"2011-11-18 10:00:00",107.272009162563
"2011-11-18 15:00:00",174.477817907305
"2011-11-19 01:00:00",33.4127912124956
"2011-11-19 02:00:00",44.0058846477153
"2011-11-19 13:00:00",357.627544370481
"2011-11-19 16:00:00",280.705141910771
"2011-12-01 00:00:00",20.3357863837913
"2011-12-01 05:00:00",22.9962764673818
"2011-12-01 17:00:00",416.518145896118
"2011-12-01 18:00:00",414.309420569881
"2011-12-02 08:00:00",460.373861510215
"2011-12-02 19:00:00",252.783138319375
"2011-12-02 22:00:00",103.479554331476
"2011-12-03 01:00:00",66.6636539036039
"2011-12-03 02:00:00",50.2497046872345
"2011-12-03 11:00:00",283.986720271053
"2011-12-03 15:00:00",337.71329545225
"2011-12-03 16:00:00",312.243773677277
"2011-12-03 17:00:00",229.975984624834
"2011-12-03 19:00:00",182.606944330524
"2011-12-03 21:00:00",101.438309307571
"2011-12-04 05:00:00",4.56170618846967
"2011-12-04 10:00:00",218.245980136537
"2011-12-04 20:00:00",123.608434948892
"2011-12-04 21:00:00",73.534180446299
"2011-12-05 07:00:00",289.758036744799
"2011-12-05 08:00:00",414.309420569881
"2011-12-05 15:00:00",147.443076645063
"2011-12-06 04:00:00",7.31202360251582
"2011-12-06 14:00:00",71.4203722272899
"2011-12-07 00:00:00",35.4091397180812
"2011-12-07 01:00:00",13.100568062391
"2011-12-07 04:00:00",3.16808962683499
"2011-12-07 07:00:00",46.240603064814
"2011-12-07 15:00:00",29.5464161318205
"2011-12-07 17:00:00",54.7064220696334
"2011-12-08 05:00:00",12.3340916773133
"2011-12-08 10:00:00",112.06787393299
"2011-12-08 11:00:00",102.631057288731
"2011-12-08 13:00:00",123.478441976166
"2011-12-09 09:00:00",259.952984926095
"2011-12-09 22:00:00",131.94413845413
"2011-12-10 01:00:00",60.4634415647334
"2011-12-10 11:00:00",236.369074930508
"2011-12-10 13:00:00",289.633696341147
"2011-12-10 14:00:00",292.137665561901
"2011-12-10 20:00:00",126.265571576441
"2011-12-11 00:00:00",69.8909579407854
"2011-12-11 03:00:00",18.7373236429309
"2011-12-11 17:00:00",161.636090613942
"2011-12-11 23:00:00",36.4483514456774
"2011-12-12 04:00:00",3.91118606098039
"2011-12-12 05:00:00",22.4678273862954
"2011-12-12 06:00:00",66.9229145208659
"2011-12-12 10:00:00",107.668055173881
"2011-12-13 01:00:00",4.81149587416959
"2011-12-13 06:00:00",96.339839324957
"2011-12-13 11:00:00",123.478441976166
"2011-12-13 15:00:00",155.833741673153
"2011-12-13 21:00:00",135.611252043711
"2011-12-14 09:00:00",242.099992190163
"2011-12-14 10:00:00",138.787815271153
"2011-12-14 21:00:00",155.963734645879
"2011-12-15 08:00:00",464.859560084376
"2011-12-15 11:00:00",137.208808231898
"2011-12-15 19:00:00",294.413196865275
"2011-12-16 02:00:00",22.4678273862954
"2011-12-16 05:00:00",25.8432502981965
"2011-12-16 06:00:00",83.9195608870147
"2011-12-16 11:00:00",138.787815271153
"2011-12-16 12:00:00",171.495879587912
"2011-12-16 20:00:00",153.979919399597
"2011-12-17 04:00:00",9.60407556138504
"2011-12-17 05:00:00",8.70564016415049
"2011-12-17 07:00:00",19.8073373027049
"2011-12-17 16:00:00",224.679021450852
"2011-12-17 17:00:00",161.636090613942
"2011-12-17 19:00:00",106.136690959026
"2011-12-18 08:00:00",33.3503150530313
"2011-12-18 17:00:00",139.865944859447
"2011-12-18 23:00:00",37.7710923995638
"2011-12-19 04:00:00",4.81149587416959
"2011-12-19 06:00:00",66.3944654397795
"2011-12-19 09:00:00",178.220941203448
"2011-12-19 19:00:00",252.696292625991
"2011-12-19 21:00:00",131.176391619131
"2012-01-01 02:00:00",75.3189152775138
"2012-01-01 07:00:00",7.15538080251073
"2012-01-01 09:00:00",37.1714661471208
"2012-01-01 22:00:00",62.4614650576602
"2012-01-01 23:00:00",29.6764091045471
"2012-01-02 05:00:00",4.43963514206679
"2012-01-02 10:00:00",119.654082143608
"2012-01-02 17:00:00",155.261111538488
"2012-01-02 19:00:00",100.172998131307
"2012-01-02 22:00:00",40.4192656481321
"2012-01-03 01:00:00",6.21050927516584
"2012-01-03 04:00:00",5.68206019407944
"2012-01-03 06:00:00",86.0224368263859
"2012-01-03 07:00:00",163.222637488205
"2012-01-03 08:00:00",361.817961860647
"2012-01-03 10:00:00",54.7064220696334
"2012-01-03 15:00:00",73.4041874735725
"2012-01-03 20:00:00",116.805386247717
"2012-01-03 21:00:00",68.1247483067587
"2012-01-03 23:00:00",17.6803733866409
"2012-01-04 13:00:00",89.535666359173
"2012-01-04 16:00:00",126.159269094765
"2012-01-04 19:00:00",182.869474709554
"2012-01-04 20:00:00",120.879829927952
"2012-01-04 22:00:00",54.8364150423599
"2012-01-04 23:00:00",33.2210084367538
"2012-01-05 00:00:00",14.4079318021904
"2012-01-05 06:00:00",82.52594432538
"2012-01-05 13:00:00",120.726879894884
"2012-01-05 17:00:00",418.762783640755
"2012-01-06 04:00:00",3.91118606098039
"2012-01-06 12:00:00",185.998964068857
"2012-01-06 13:00:00",198.131443424786
"2012-01-06 21:00:00",155.391104511214
"2012-01-07 05:00:00",8.70564016415049
"2012-01-07 11:00:00",319.671336938056
"2012-01-07 13:00:00",453.188123315706
"2012-01-07 21:00:00",140.833822129066
"2012-01-08 01:00:00",69.3207905311529
"2012-01-08 05:00:00",3.16808962683499
"2012-01-08 08:00:00",54.7064220696334
"2012-01-08 13:00:00",343.812188884083
"2012-01-08 20:00:00",126.289262067492
"2012-01-09 01:00:00",5.33994495525598
"2012-01-09 02:00:00",5.30480262261507
"2012-01-09 03:00:00",3.91118606098039
"2012-01-09 05:00:00",22.4678273862954
"2012-01-09 10:00:00",107.668055173881
"2012-01-09 18:00:00",155.333781552529
"2012-01-09 20:00:00",134.032245004455
"2012-01-10 02:00:00",4.56170618846967
"2012-01-10 08:00:00",483.25696825575
"2012-01-10 09:00:00",190.806050503916
"2012-01-10 10:00:00",85.5265647367524
"2012-01-10 18:00:00",390.430344511388
"2012-01-11 10:00:00",93.8541601743043
"2012-01-11 11:00:00",103.34956135875
"2012-01-11 14:00:00",73.763360760226
"2012-01-11 17:00:00",135.224992985615
"2012-01-12 05:00:00",17.3437070812962
"2012-01-12 12:00:00",141.527302047029
"2012-01-13 07:00:00",183.02221344732
"2012-01-13 15:00:00",134.494972600003
"2012-01-13 23:00:00",63.6937640087795
"2012-01-14 02:00:00",37.7035755863015
"2012-01-14 10:00:00",143.106309086284
"2012-01-14 23:00:00",74.5958991552041
"2012-01-15 03:00:00",22.9962764673818
"2012-01-15 07:00:00",16.6734297998584
"2012-01-16 00:00:00",23.8614439479301
"2012-01-16 03:00:00",3.91118606098039
"2012-01-16 06:00:00",13.879482721104
"2012-01-16 11:00:00",173.622117583669
"2012-01-16 22:00:00",41.1218110703836
"2012-01-17 00:00:00",12.3340916773133
"2012-01-17 09:00:00",66.8703272362219
"2012-01-17 13:00:00",103.34956135875
"2012-01-17 16:00:00",215.293674506015
"2012-01-17 17:00:00",467.877159739868
"2012-01-18 00:00:00",16.6734297998584
"2012-01-18 10:00:00",86.229110159004
"2012-01-18 12:00:00",155.333781552529
"2012-01-18 14:00:00",104.614872535014
"2012-01-19 05:00:00",19.8073373027049
"2012-01-19 09:00:00",208.991365444601
"2012-01-19 13:00:00",122.415493125199
"2012-01-19 23:00:00",51.8683716224404
"2012-02-01 04:00:00",3.16808962683499
"2012-02-01 09:00:00",279.168044199304
"2012-02-01 21:00:00",231.08699834792
"2012-02-02 03:00:00",3.16808962683499
"2012-02-02 07:00:00",207.461951158096
"2012-02-02 13:00:00",130.477762909896
"2012-02-02 14:00:00",141.527302047029
"2012-02-02 19:00:00",334.09619518952
"2012-02-02 21:00:00",152.65717844571
"2012-02-03 05:00:00",17.3437070812962
"2012-02-03 10:00:00",131.814145481403
"2012-02-03 14:00:00",172.138262458011
"2012-02-04 01:00:00",43.4466559860596
"2012-02-04 13:00:00",301.049448301881
"2012-02-05 05:00:00",4.81149587416959
"2012-02-06 09:00:00",282.046743913207
"2012-02-06 11:00:00",108.933366350145
"2012-02-06 12:00:00",147.021348817212
"2012-02-06 23:00:00",46.5772693701586
"2012-02-07 08:00:00",531.618908721588
"2012-02-07 23:00:00",52.7335391029887
"2012-02-08 03:00:00",3.16808962683499
"2012-02-08 09:00:00",247.93048057636
"2012-02-08 14:00:00",104.614872535014
"2012-02-08 17:00:00",155.833741673153
"2012-02-08 23:00:00",54.1338696201084
"2012-02-09 00:00:00",25.2617744650498
"2012-02-09 01:00:00",12.0706498246158
"2012-02-09 02:00:00",3.16808962683499
"2012-02-09 15:00:00",130.477762909896
"2012-02-09 20:00:00",191.351329908415
"2012-02-10 00:00:00",40.785144765039
"2012-02-10 08:00:00",458.012995468992
"2012-02-10 16:00:00",276.769897949003
"2012-02-10 18:00:00",365.731611542257
"2012-02-11 00:00:00",53.7972033147637
"2012-02-11 01:00:00",44.8402725476943
"2012-02-11 05:00:00",3.16808962683499
"2012-02-11 08:00:00",83.2610667390845
"2012-02-11 22:00:00",51.339922541354
"2012-02-11 23:00:00",20.1440036080495
"2012-02-12 05:00:00",3.91118606098039
"2012-02-12 11:00:00",122.150167472345
"2012-02-12 15:00:00",154.011040598642
"2012-02-12 18:00:00",100.043005158581
"2012-02-12 21:00:00",37.6253185693777
"2012-02-12 22:00:00",29.9118995657615
"2012-02-13 00:00:00",9.60407556138504
"2012-02-13 04:00:00",3.16808962683499
"2012-02-13 10:00:00",71.4978627625581
"2012-02-13 16:00:00",207.668624490714
"2012-02-13 19:00:00",260.082977898821
"2012-02-13 23:00:00",34.6146249983885
"2012-02-14 13:00:00",166.854927714081
"2012-02-14 21:00:00",101.438309307571
"2012-02-14 23:00:00",52.7335391029887
"2012-02-15 06:00:00",99.1337864037113
"2012-02-15 10:00:00",122.66096736821
"2012-02-15 12:00:00",159.97473342636
"2012-02-16 01:00:00",5.68206019407944
"2012-02-16 02:00:00",7.15538080251073
"2012-02-16 13:00:00",61.4608950966817
"2012-02-17 00:00:00",34.2779586930438
"2012-02-17 02:00:00",12.5059762489081
"2012-02-17 04:00:00",3.16808962683499
"2012-02-17 10:00:00",108.933366350145
"2012-02-17 12:00:00",204.947551878195
"2012-02-17 18:00:00",374.936605042243
"2012-02-18 16:00:00",392.309421562213
"2012-02-18 23:00:00",71.3188140240797
"2012-02-19 02:00:00",46.240603064814
"2012-02-19 07:00:00",13.727708238948
"2012-02-19 09:00:00",94.0769831675045
"2012-02-19 12:00:00",257.429785002276
"2012-02-19 23:00:00",36.4483514456774
"2012-03-01 16:00:00",359.522681522511
"2012-03-01 19:00:00",331.031170913248
"2012-03-02 10:00:00",128.717802186613
"2012-03-02 22:00:00",71.5503652000164
"2012-03-03 00:00:00",22.9962764673818
"2012-03-03 05:00:00",3.69653870792139
"2012-03-03 12:00:00",291.81845448699
"2012-03-03 14:00:00",431.065567278242
"2012-03-03 16:00:00",467.443518310273
"2012-03-03 21:00:00",154.499022313118
"2012-03-03 23:00:00",107.798048146608
"2012-03-04 01:00:00",75.3189152775138
"2012-03-04 06:00:00",5.68206019407944
"2012-03-04 11:00:00",256.010235128793
"2012-03-05 04:00:00",3.16808962683499
"2012-03-05 05:00:00",17.8721561623826
"2012-03-05 11:00:00",98.9178646022581
"2012-03-06 04:00:00",3.91118606098039
"2012-03-06 06:00:00",100.399097579975
"2012-03-06 08:00:00",516.093758682474
"2012-03-06 10:00:00",131.365956515077
"2012-03-06 11:00:00",139.015215926024
"2012-03-06 16:00:00",260.784232979123
"2012-03-07 04:00:00",3.91118606098039
"2012-03-07 07:00:00",345.40804295305
"2012-03-07 19:00:00",368.43307990987
"2012-03-07 20:00:00",259.501458325313
"2012-03-08 02:00:00",10.5012936489718
"2012-03-08 07:00:00",343.746685765468
"2012-03-08 12:00:00",249.321192127662
"2012-03-08 17:00:00",606.092051970678
"2012-03-08 20:00:00",305.364762490183
"2012-03-09 07:00:00",276.977555620404
"2012-03-10 01:00:00",51.5317053170958
"2012-03-10 06:00:00",12.5059762489081
"2012-03-10 09:00:00",153.513329016756
"2012-03-10 15:00:00",413.210395659548
"2012-03-10 18:00:00",301.782274530641
"2012-03-10 23:00:00",87.6818440856169
"2012-03-11 04:00:00",22.5249310354119
"2012-03-11 07:00:00",17.1154988958717
"2012-03-11 11:00:00",298.582167583866
"2012-03-12 00:00:00",23.3038298037108
"2012-03-12 12:00:00",218.652776833409
"2012-03-12 22:00:00",132.990633191977
"2012-03-13 00:00:00",25.9643198873014
"2012-03-13 04:00:00",3.16808962683499
"2012-03-13 06:00:00",114.829244020291
"2012-03-13 08:00:00",593.821390949695
"2012-03-13 09:00:00",348.719997556657
"2012-03-13 14:00:00",209.74099409343
"2012-03-13 15:00:00",256.010235128793
"2012-03-13 16:00:00",350.860897184287
"2012-03-14 00:00:00",36.3808346324151
"2012-03-14 03:00:00",4.43963514206679
"2012-03-14 08:00:00",667.658300609719
"2012-03-14 18:00:00",743.90714269479
"2012-03-15 01:00:00",23.9529079467541
"2012-03-15 06:00:00",119.19746560838
"2012-03-15 13:00:00",271.329324057571
"2012-03-15 17:00:00",727.009724275717
"2012-03-16 03:00:00",3.91118606098039
"2012-03-16 11:00:00",202.763265310401
"2012-03-16 12:00:00",299.364938427889
"2012-03-16 15:00:00",98.9178646022581
"2012-03-16 16:00:00",132.092893384252
"2012-03-16 17:00:00",263.056323023567
"2012-03-16 18:00:00",399.50124264119
"2012-03-16 19:00:00",304.309396495549
"2012-03-17 00:00:00",93.6474868416862
"2012-03-17 04:00:00",3.16808962683499
"2012-03-17 07:00:00",84.4495146218288
"2012-03-17 10:00:00",438.901762100711
"2012-03-17 11:00:00",583.360985071326
"2012-03-17 12:00:00",651.195210464022
"2012-03-17 18:00:00",571.454848242348
"2012-03-17 20:00:00",274.911216428953
"2012-03-18 03:00:00",18.5158294129913
"2012-03-18 05:00:00",6.62693172142433
"2012-03-18 11:00:00",362.378658552366
"2012-03-18 12:00:00",495.921559207414
"2012-03-18 18:00:00",457.148738129401
"2012-03-18 19:00:00",350.329974082429
"2012-03-18 20:00:00",195.822940141175
"2012-03-18 22:00:00",105.970180116757
"2012-03-19 03:00:00",3.16808962683499
"2012-03-19 09:00:00",326.678366685014
"2012-03-19 11:00:00",205.647775546198
"2012-04-01 00:00:00",66.6636539036039
"2012-04-01 02:00:00",82.9681746884617
"2012-04-01 04:00:00",12.3980226401394
"2012-04-01 06:00:00",89.3289930265549
"2012-04-01 08:00:00",120.703345918063
"2012-04-01 22:00:00",67.0003202089485
"2012-04-02 06:00:00",102.424383956113
"2012-04-02 07:00:00",306.93257085234
"2012-04-02 12:00:00",279.943226917363
"2012-04-02 13:00:00",280.461982956279
"2012-04-02 19:00:00",486.851904394975
"2012-04-02 23:00:00",65.0165049626659
"2012-04-03 03:00:00",3.91118606098039
"2012-04-03 17:00:00",768.167454962842
"2012-04-03 19:00:00",528.461620363757
"2012-04-04 07:00:00",371.387119159319
"2012-04-04 11:00:00",207.131630671857
"2012-04-05 07:00:00",366.143623614129
"2012-04-05 15:00:00",266.740789669095
"2012-04-05 16:00:00",404.877118160296
"2012-04-05 17:00:00",808.100490822248
"2012-04-06 02:00:00",10.5012936489718
"2012-04-06 10:00:00",226.922897786243
"2012-04-06 14:00:00",479.469353370754
"2012-04-06 22:00:00",155.892211110691
"2012-04-07 00:00:00",89.3289930265549
"2012-04-07 06:00:00",17.8721561623826
"2012-04-07 18:00:00",520.842400363975
"2012-04-07 21:00:00",237.404658442311
"2012-04-08 18:00:00",318.705382056767
"2012-04-09 00:00:00",39.4182413405018
"2012-04-09 09:00:00",286.995571477907
"2012-04-09 15:00:00",258.248332080769
"2012-04-09 16:00:00",398.200107701531
"2012-04-09 20:00:00",272.988457093661
"2012-04-10 00:00:00",25.2617744650498
"2012-04-10 18:00:00",724.729819776898
"2012-04-10 20:00:00",282.044388426128
"2012-04-10 22:00:00",124.529301344208
"2012-04-11 03:00:00",3.16808962683499
"2012-04-12 04:00:00",3.16808962683499
"2012-04-12 06:00:00",97.7334558865916
"2012-04-12 10:00:00",138.539394885052
"2012-04-12 18:00:00",611.267759544811
"2012-04-13 01:00:00",30.9688498220515
"2012-04-13 03:00:00",11.6081028190959
"2012-04-13 05:00:00",21.2009538643396
"2012-04-13 06:00:00",82.52594432538
"2012-04-13 16:00:00",468.454943078007
"2012-04-13 18:00:00",665.481274926381
"2012-04-14 04:00:00",13.100568062391
"2012-04-14 08:00:00",163.039134403896
"2012-04-14 15:00:00",667.006096045176
"2012-04-15 00:00:00",129.786097710776
"2012-04-15 05:00:00",10.1234242224302
"2012-04-16 03:00:00",8.47600727283379
"2012-04-16 09:00:00",299.268861111195
"2012-04-17 01:00:00",10.5012936489718
"2012-04-17 08:00:00",696.135840521515
"2012-04-17 09:00:00",411.094021122699
"2012-04-17 10:00:00",209.74099409343
"2012-04-17 12:00:00",246.617454455923
"2012-04-17 16:00:00",350.860897184287
"2012-04-17 17:00:00",767.692051300523
"2012-04-17 20:00:00",394.843418060613
"2012-04-18 01:00:00",14.4079318021904
"2012-04-18 02:00:00",9.34260482142791
"2012-04-18 09:00:00",266.293787894359
"2012-04-18 13:00:00",62.3314720849336
"2012-04-18 16:00:00",242.957849738185
"2012-04-19 06:00:00",119.965212443379
"2012-04-19 11:00:00",229.732825670343
"2012-04-19 12:00:00",254.257151828052
"2012-04-19 15:00:00",256.010235128793
"2012-04-19 22:00:00",258.934173676539
"2012-05-01 07:00:00",168.632069627745
"2012-05-01 09:00:00",348.719997556657
"2012-05-01 10:00:00",182.476951357797
"2012-05-02 01:00:00",14.1150723036907
"2012-05-02 02:00:00",16.4071242625599
"2012-05-02 04:00:00",4.56170618846967
"2012-05-02 08:00:00",663.504116916537
"2012-05-02 09:00:00",312.141559992225
"2012-05-02 16:00:00",370.121595936062
"2012-05-02 19:00:00",492.043630318898
"2012-05-03 03:00:00",6.20511243580426
"2012-05-03 05:00:00",20.3357863837913
"2012-05-03 08:00:00",610.445582154045
"2012-05-03 12:00:00",304.779692425903
"2012-05-03 13:00:00",263.776223888367
"2012-05-03 16:00:00",365.014236494825
"2012-05-03 22:00:00",250.37055744274
"2012-05-05 08:00:00",194.94390895305
"2012-05-05 14:00:00",429.798473008337
"2012-05-05 17:00:00",497.822014764603
"2012-05-06 04:00:00",14.1150723036907
"2012-05-06 07:00:00",36.1116851403328
"2012-05-06 08:00:00",120.509782467244
"2012-05-06 23:00:00",105.970180116757
"2012-05-07 04:00:00",3.16808962683499
"2012-05-07 06:00:00",138.581141938535
"2012-05-07 10:00:00",195.183231594483
"2012-05-07 11:00:00",214.167646912073
"2012-05-07 16:00:00",388.402045119384
"2012-05-07 18:00:00",684.298015433801
"2012-05-08 01:00:00",8.73041951587271
"2012-05-09 01:00:00",14.7714742465761
"2012-05-09 07:00:00",419.339274894969
"2012-05-09 11:00:00",197.405535147372
"2012-05-09 15:00:00",256.010235128793
"2012-05-09 16:00:00",363.269888349535
"2012-05-10 00:00:00",34.0088092009615
"2012-05-10 05:00:00",22.9962764673818
"2012-05-10 06:00:00",137.00213489928
"2012-05-10 07:00:00",412.441390049681
"2012-05-10 11:00:00",257.656644303745
"2012-05-10 14:00:00",239.611149394883
"2012-05-10 21:00:00",222.546158439836
"2012-05-11 04:00:00",9.42087880017868
"2012-05-11 07:00:00",361.879765775774
"2012-05-12 11:00:00",527.905577531457
"2012-05-12 17:00:00",594.10003648189
"2012-05-13 01:00:00",93.8703098348864
"2012-05-13 02:00:00",82.9681746884617
"2012-05-13 16:00:00",579.379974184729
"2012-05-13 20:00:00",226.943159295675
"2012-05-13 21:00:00",166.468131170489
"2012-05-13 22:00:00",141.105866485715
"2012-05-14 00:00:00",36.9870522071368
"2012-05-14 08:00:00",151.042997178723
"2012-05-14 20:00:00",190.025118002635
"2012-05-14 23:00:00",76.1913170738481
"2012-05-15 02:00:00",4.43963514206679
"2012-05-15 04:00:00",5.33994495525598
"2012-05-15 05:00:00",8.81415574034151
"2012-05-15 08:00:00",415.153567913538
"2012-05-15 10:00:00",172.993962781647
"2012-05-15 12:00:00",270.494234183469
"2012-05-15 13:00:00",242.957849738185
"2012-05-15 21:00:00",107.40200213529
"2012-05-15 22:00:00",77.9024553553731
"2012-05-16 03:00:00",6.21050927516584
"2012-05-16 04:00:00",4.43963514206679
"2012-05-16 10:00:00",193.819535703726
"2012-05-16 12:00:00",326.678366685014
"2012-05-16 13:00:00",354.608854762196
"2012-05-16 16:00:00",441.663656078286
"2012-05-17 02:00:00",15.6172044415164
"2012-05-17 09:00:00",344.989439166214
"2012-05-17 19:00:00",521.064586892804
"2012-05-17 23:00:00",172.652115952773
"2012-05-18 02:00:00",20.7256180776912
"2012-05-18 11:00:00",347.407791302074
"2012-05-19 05:00:00",12.5059762489081
"2012-05-19 06:00:00",48.4101947803393
"2012-05-19 09:00:00",282.960201682417
"2012-06-01 02:00:00",16.6734297998584
"2012-06-01 11:00:00",235.662123920446
"2012-06-01 12:00:00",317.330655673079
"2012-06-01 16:00:00",219.400064565036
"2012-06-01 19:00:00",47.2798147924102
"2012-06-02 03:00:00",24.1467557824711
"2012-06-02 04:00:00",13.3711437294564
"2012-06-02 20:00:00",404.542179847525
"2012-06-02 22:00:00",229.67527519913
"2012-06-03 04:00:00",12.8625407583997
"2012-06-03 10:00:00",397.80109178251
"2012-06-03 13:00:00",685.170860387724
"2012-06-03 16:00:00",660.077840989019
"2012-06-03 20:00:00",320.220155586979
"2012-06-04 00:00:00",46.7488375927571
"2012-06-04 01:00:00",14.1735257639871
"2012-06-04 09:00:00",285.831797805082
"2012-06-04 13:00:00",266.079426968034
"2012-06-04 14:00:00",266.079426968034
"2012-06-04 15:00:00",292.610967995777
"2012-06-05 04:00:00",5.33994495525598
"2012-06-05 09:00:00",320.427850302651
"2012-06-05 11:00:00",226.813166322949
"2012-06-05 17:00:00",859.57306413645
"2012-06-06 00:00:00",53.7972033147637
"2012-06-06 02:00:00",10.8085161035217
"2012-06-06 04:00:00",10.1059706812702
"2012-06-06 12:00:00",314.829541876295
"2012-06-06 14:00:00",301.699671661184
"2012-06-06 15:00:00",312.243773677277
"2012-06-06 18:00:00",785.482634117674
"2012-06-06 21:00:00",300.794043282829
"2012-06-07 03:00:00",5.68206019407944
"2012-06-07 06:00:00",165.325513427576
"2012-06-07 09:00:00",321.60208875687
"2012-06-07 17:00:00",891.84038709818
"2012-06-07 22:00:00",227.768753782133
"2012-06-08 09:00:00",365.105167249262
"2012-06-08 13:00:00",410.367610063186
"2012-06-08 18:00:00",706.309772264171
"2012-06-09 00:00:00",206.924957339239
"2012-06-09 06:00:00",82.5797123840394
"2012-06-09 09:00:00",342.143440817768
"2012-06-09 11:00:00",572.509111948489
"2012-06-09 13:00:00",595.154300188031
"2012-06-09 14:00:00",597.869197896416
"2012-06-09 15:00:00",571.454848242348
"2012-06-09 21:00:00",316.497756586568
"2012-06-10 12:00:00",505.3422396331
"2012-06-10 23:00:00",116.308869016544
"2012-06-11 08:00:00",638.745188781359
"2012-06-11 09:00:00",315.881700806901
"2012-06-11 10:00:00",144.251812491816
"2012-06-11 20:00:00",386.38704931003
"2012-06-11 23:00:00",77.9024553553731
"2012-06-12 01:00:00",15.4740196688277
"2012-06-12 02:00:00",6.62693172142433
"2012-06-12 04:00:00",4.81149587416959
"2012-06-12 08:00:00",605.859269415079
"2012-06-12 18:00:00",665.586016822691
"2012-06-12 19:00:00",493.439170738192
"2012-06-12 20:00:00",377.670068457327
"2012-06-12 22:00:00",198.988373266687
"2012-06-12 23:00:00",92.3227959594486
"2012-06-13 00:00:00",32.6462989993715
"2012-06-13 03:00:00",7.84047268360222
"2012-06-13 07:00:00",525.790993525357
"2012-06-13 20:00:00",449.70765282158
"2012-06-14 00:00:00",46.240603064814
"2012-06-14 07:00:00",525.790993525357
"2012-06-14 09:00:00",350.046584399781
"2012-06-14 10:00:00",178.96668437415
"2012-06-14 11:00:00",218.652776833409
"2012-06-14 12:00:00",263.168934568032
"2012-06-14 17:00:00",861.569232798771
"2012-06-14 18:00:00",814.247516139095
"2012-06-15 01:00:00",50.2497046872345
"2012-06-15 11:00:00",291.655894012193
"2012-06-15 19:00:00",476.84399530663
"2012-06-16 03:00:00",26.6103860038798
"2012-06-16 09:00:00",361.877552997984
"2012-06-16 10:00:00",437.331408790375
"2012-06-16 17:00:00",599.336514084955
"2012-06-16 23:00:00",179.820059376946
"2012-06-17 05:00:00",17.3759752221099
"2012-06-17 10:00:00",436.08077345239
"2012-06-18 00:00:00",40.696775776723
"2012-06-18 04:00:00",9.60407556138504
"2012-06-18 13:00:00",229.545282226404
"2012-06-18 14:00:00",218.652776833409
"2012-06-19 00:00:00",36.1116851403328
"2012-06-19 03:00:00",7.84047268360222
"2012-06-19 08:00:00",682.939008822331
"2012-06-19 16:00:00",319.704468272582
"2012-06-19 21:00:00",281.424360795976
"2012-07-01 03:00:00",30.6624837530888
"2012-07-01 12:00:00",432.660398141608
"2012-07-01 15:00:00",342.143440817768
"2012-07-01 17:00:00",428.445459576649
"2012-07-01 18:00:00",370.822508440668
"2012-07-02 00:00:00",43.736735155633
"2012-07-02 06:00:00",135.274585738366
"2012-07-02 19:00:00",591.476768069136
"2012-07-03 00:00:00",50.2497046872345
"2012-07-03 03:00:00",3.16808962683499
"2012-07-03 10:00:00",207.131630671857
"2012-07-03 19:00:00",493.832230396329
"2012-07-03 23:00:00",166.829788014623
"2012-07-04 03:00:00",29.2708760874703
"2012-07-04 05:00:00",17.3759752221099
"2012-07-04 14:00:00",545.323424298344
"2012-07-04 17:00:00",412.585665595592
"2012-07-04 23:00:00",184.090799456182
"2012-07-06 03:00:00",7.15538080251073
"2012-07-06 18:00:00",540.264850274757
"2012-07-06 23:00:00",163.169127376623
"2012-07-07 01:00:00",66.4615663110942
"2012-07-07 05:00:00",13.727708238948
"2012-07-07 10:00:00",334.715877556989
"2012-07-07 13:00:00",355.959473825699
"2012-07-07 16:00:00",295.82380199871
"2012-07-07 17:00:00",291.655894012193
"2012-07-08 07:00:00",49.0695890756691
"2012-07-08 11:00:00",385.711901955123
"2012-07-08 16:00:00",301.782274530641
"2012-07-08 19:00:00",247.658372902657
"2012-07-09 02:00:00",5.33994495525598
"2012-07-09 09:00:00",359.522681522511
"2012-07-09 11:00:00",223.709570108083
"2012-07-10 01:00:00",15.721882334237
"2012-07-10 03:00:00",3.91118606098039
"2012-07-10 05:00:00",40.0825993427874
"2012-07-10 14:00:00",243.708591715091
"2012-07-10 16:00:00",448.562354833238
"2012-07-10 18:00:00",823.344677710905
"2012-07-10 20:00:00",77.9024553553731
"2012-07-10 23:00:00",104.545665040018
"2012-07-11 01:00:00",14.7714742465761
"2012-07-11 12:00:00",289.463533355544
"2012-07-11 21:00:00",403.79588980171
"2012-07-12 00:00:00",51.5317053170958
"2012-07-12 01:00:00",22.4678273862954
"2012-07-12 04:00:00",5.68206019407944
"2012-07-12 05:00:00",40.785144765039
"2012-07-12 08:00:00",711.014993680895
"2012-07-12 23:00:00",218.375973109263
"2012-07-13 05:00:00",36.1116851403328
"2012-07-13 06:00:00",125.952595762147
"2012-07-13 08:00:00",726.575222928368
"2012-07-13 10:00:00",259.402416509269
"2012-07-13 18:00:00",623.312061835964
"2012-07-14 01:00:00",108.726693017527
"2012-07-14 02:00:00",105.800024653681
"2012-07-14 06:00:00",37.4344260942192
"2012-07-14 11:00:00",437.331408790375
"2012-07-14 12:00:00",494.424854177075
"2012-07-14 14:00:00",628.576788693213
"2012-07-14 16:00:00",579.379974184729
"2012-07-14 19:00:00",431.796363241824
"2012-07-15 00:00:00",189.551590690572
"2012-07-15 04:00:00",18.7805758689966
"2012-07-15 06:00:00",14.4233090162774
"2012-07-15 07:00:00",48.8004395835868
"2012-07-15 08:00:00",135.518627021214
"2012-07-15 15:00:00",485.966636543153
"2012-07-15 21:00:00",218.782769806136
"2012-07-16 00:00:00",42.3445274601331
"2012-07-16 06:00:00",138.581141938535
"2012-07-16 09:00:00",330.664799304837
"2012-07-16 11:00:00",187.022842104944
"2012-07-16 12:00:00",226.922897786243
"2012-07-16 23:00:00",163.169127376623
"2012-07-17 07:00:00",534.474450313953
"2012-07-17 08:00:00",696.135840521515
"2012-07-17 11:00:00",205.647775546198
"2012-07-17 13:00:00",209.74099409343
"2012-07-17 15:00:00",239.611149394883
"2012-07-18 03:00:00",4.56170618846967
"2012-07-18 04:00:00",6.62693172142433
"2012-07-18 06:00:00",159.768060093742
"2012-07-19 07:00:00",478.333856280765
"2012-07-19 13:00:00",257.078953602559
"2012-07-19 19:00:00",541.770331070554
"2012-07-19 22:00:00",65.0165049626659
"2012-08-01 01:00:00",33.0717257614228
"2012-08-01 04:00:00",4.43963514206679
"2012-08-01 05:00:00",53.7972033147637
"2012-08-01 06:00:00",185.047499823458
"2012-08-01 15:00:00",298.582167583866
"2012-08-01 20:00:00",499.979286158072
"2012-08-01 21:00:00",311.098210517917
"2012-08-02 02:00:00",11.6081028190959
"2012-08-02 03:00:00",6.62693172142433
"2012-08-02 08:00:00",729.517185597944
"2012-08-02 17:00:00",883.043100935272
"2012-08-02 20:00:00",414.673487685168
"2012-08-03 10:00:00",238.444043947795
"2012-08-03 11:00:00",258.810728732245
"2012-08-03 12:00:00",336.462681317715
"2012-08-03 14:00:00",341.595841400558
"2012-08-03 22:00:00",197.626458874535
"2012-08-03 23:00:00",193.915294723846
"2012-08-04 02:00:00",89.5020349258123
"2012-08-04 04:00:00",13.3711437294564
"2012-08-04 09:00:00",273.411388658415
"2012-08-04 14:00:00",470.627561586579
"2012-08-04 16:00:00",452.430052014381
"2012-08-05 03:00:00",39.6873908325841
"2012-08-05 04:00:00",14.7714742465761
"2012-08-05 10:00:00",369.715344870397
"2012-08-05 12:00:00",488.417509128588
"2012-08-05 15:00:00",434.347024440839
"2012-08-05 21:00:00",198.349840904604
"2012-08-05 23:00:00",93.6435298935929
"2012-08-06 00:00:00",29.2708760874703
"2012-08-06 01:00:00",11.2054823440676
"2012-08-06 12:00:00",281.230729129916
"2012-08-06 22:00:00",198.349840904604
"2012-08-07 06:00:00",183.02221344732
"2012-08-07 19:00:00",591.602549176432
"2012-08-08 08:00:00",752.000762758915
"2012-08-08 12:00:00",281.571778147955
"2012-08-09 02:00:00",13.727708238948
"2012-08-09 06:00:00",165.325513427576
"2012-08-09 09:00:00",349.925498056613
"2012-08-09 20:00:00",476.845196561039
"2012-08-09 22:00:00",261.353659912335
"2012-08-10 17:00:00",746.993240648622
"2012-08-10 22:00:00",209.870987066157
"2012-08-11 01:00:00",116.951466139562
"2012-08-11 08:00:00",165.431024955798
"2012-08-11 16:00:00",526.667901319312
"2012-08-11 17:00:00",513.793948554494
"2012-08-11 19:00:00",279.681050454997
"2012-08-11 21:00:00",121.905086616235
"2012-08-11 22:00:00",171.263323554662
"2012-08-12 00:00:00",121.304495238199
"2012-08-12 07:00:00",39.4182413405018
"2012-08-12 08:00:00",119.138615402372
"2012-08-12 12:00:00",508.534404385177
"2012-08-12 14:00:00",578.367515096507
"2012-08-13 16:00:00",468.395429963868
"2012-08-13 18:00:00",810.589823440856
"2012-08-13 19:00:00",541.148271383351
"2012-08-14 01:00:00",26.6103860038798
"2012-08-14 05:00:00",37.8171013451195
"2012-08-14 21:00:00",301.583612229765
"2012-08-14 22:00:00",195.611945617734
"2012-08-15 00:00:00",57.8063049371843
"2012-08-15 02:00:00",7.84047268360222
"2012-08-15 03:00:00",11.2054823440676
"2012-08-15 08:00:00",692.046497018831
"2012-08-15 09:00:00",370.121595936062
"2012-08-15 11:00:00",226.922897786243
"2012-08-15 12:00:00",312.821464378463
"2012-08-15 15:00:00",261.460350480001
"2012-08-15 19:00:00",650.581852673218
"2012-08-15 22:00:00",224.809014423578
"2012-08-16 04:00:00",5.30480262261507
"2012-08-16 07:00:00",470.924419120532
"2012-08-16 11:00:00",267.641112753639
"2012-08-16 16:00:00",432.940388931789
"2012-08-16 22:00:00",247.901531857149
"2012-08-17 02:00:00",19.2183748352429
"2012-08-17 15:00:00",378.257335206142
"2012-08-17 21:00:00",247.97983861198
"2012-08-17 23:00:00",121.049386292598
"2012-08-18 00:00:00",102.424383956113
"2012-08-18 02:00:00",40.785144765039
"2012-08-18 05:00:00",8.70564016415049
"2012-08-18 21:00:00",336.592674290442
"2012-08-19 01:00:00",131.05140888704
"2012-08-19 02:00:00",113.063460576306
"2012-08-19 06:00:00",19.2183748352429
"2012-08-19 11:00:00",259.402416509269
"2012-08-19 16:00:00",365.706602062608
"2012-08-19 20:00:00",263.298927540758
"2012-08-19 21:00:00",187.050538814737
"2012-08-19 22:00:00",56.1591559962463
"2012-09-01 05:00:00",21.2009538643396
"2012-09-01 07:00:00",66.6636539036039
"2012-09-01 09:00:00",246.617454455923
"2012-09-01 10:00:00",415.668500174973
"2012-09-01 13:00:00",500.618557850628
"2012-09-01 17:00:00",464.221881603628
"2012-09-01 20:00:00",204.715374542358
"2012-09-02 01:00:00",74.9993574088415
"2012-09-02 06:00:00",15.2730992827387
"2012-09-02 08:00:00",131.258082219658
"2012-09-02 12:00:00",544.680735448459
"2012-09-02 16:00:00",451.923970150794
"2012-09-02 17:00:00",497.267468298011
"2012-09-02 18:00:00",502.974991971512
"2012-09-02 22:00:00",162.719288870326
"2012-09-03 02:00:00",42.0753779680508
"2012-09-03 05:00:00",4.43963514206679
"2012-09-03 07:00:00",42.1078857189254
"2012-09-03 10:00:00",359.822245184213
"2012-09-03 20:00:00",259.289250527504
"2012-09-03 22:00:00",114.127063750826
"2012-09-03 23:00:00",71.3188140240797
"2012-09-04 10:00:00",174.835120386137
"2012-09-04 22:00:00",174.607810880032
"2012-09-05 04:00:00",5.30480262261507
"2012-09-05 13:00:00",230.456207700412
"2012-09-05 14:00:00",218.245980136537
"2012-09-05 17:00:00",889.382327085871
"2012-09-05 21:00:00",303.147160221303
"2012-09-05 23:00:00",154.499022313118
"2012-09-06 01:00:00",18.7373236429309
"2012-09-06 05:00:00",40.0825993427874
"2012-09-06 11:00:00",60.6701148973514
"2012-09-06 13:00:00",191.242119148849
"2012-09-07 07:00:00",496.297166518633
"2012-09-07 11:00:00",293.202655772801
"2012-09-07 14:00:00",247.771538884423
"2012-09-07 18:00:00",792.666814764726
"2012-09-08 23:00:00",130.607755882623
"2012-09-09 02:00:00",97.6646965317925
"2012-09-09 06:00:00",31.9280127150194
"2012-09-09 07:00:00",74.1108257220421
"2012-09-09 14:00:00",658.95648286505
"2012-09-09 23:00:00",94.206976140231
"2012-09-10 04:00:00",5.33994495525598
"2012-09-10 05:00:00",40.785144765039
"2012-09-10 12:00:00",334.487407484642
"2012-09-10 15:00:00",348.53191056492
"2012-09-11 02:00:00",6.21050927516584
"2012-09-11 04:00:00",9.34260482142791
"2012-09-11 13:00:00",333.92731341035
"2012-09-11 23:00:00",112.861752574562
"2012-09-12 11:00:00",229.937451661496
"2012-09-12 14:00:00",282.960201682417
"2012-09-12 17:00:00",922.591962875573
"2012-09-12 19:00:00",649.89285793283
"2012-09-12 21:00:00",305.920868890482
"2012-09-13 03:00:00",10.9976921230197
"2012-09-13 12:00:00",299.268861111195
"2012-09-13 17:00:00",907.803631132699
"2012-09-13 18:00:00",847.240346841489
"2012-09-13 21:00:00",313.439361271149
"2012-09-14 01:00:00",42.1078857189254
"2012-09-14 02:00:00",29.2708760874703
"2012-09-14 05:00:00",37.8171013451195
"2012-09-14 07:00:00",465.465377980959
"2012-09-14 13:00:00",412.301013818443
"2012-09-14 18:00:00",800.624247954584
"2012-09-14 19:00:00",570.270862266538
"2012-09-14 21:00:00",315.292498965143
"2012-09-14 23:00:00",186.128957041584
"2012-09-15 04:00:00",6.70513313973474
"2012-09-15 10:00:00",447.940764225496
"2012-09-15 22:00:00",267.771105726365
"2012-09-16 01:00:00",118.931942069754
"2012-09-16 03:00:00",46.7488375927571
"2012-09-16 04:00:00",8.02054828305901
"2012-09-16 05:00:00",13.4709803417355
"2012-09-16 06:00:00",32.6462989993715
"2012-09-16 13:00:00",688.078154166009
"2012-09-16 22:00:00",127.85466476889
"2012-09-16 23:00:00",89.6656593318995
"2012-09-17 04:00:00",10.9976921230197
"2012-09-17 09:00:00",296.342477003264
"2012-09-17 11:00:00",247.849845639253
"2012-09-17 17:00:00",829.906549645391
"2012-09-17 21:00:00",240.128103352357
"2012-09-18 05:00:00",46.240603064814
"2012-09-18 07:00:00",365.524938209639
"2012-09-18 11:00:00",153.081391019365
"2012-09-18 14:00:00",140.63866308466
"2012-09-18 16:00:00",135.54146733785
"2012-09-18 17:00:00",320.926800306117
"2012-09-18 21:00:00",206.231629279422
"2012-09-19 06:00:00",166.648254381463
"2012-09-19 10:00:00",185.998964068857
"2012-09-19 14:00:00",293.621885041101
"2012-09-19 18:00:00",900.840870933656
"2012-09-19 23:00:00",127.85466476889
"2012-10-01 04:00:00",10.6770332629812
"2012-10-01 13:00:00",313.413152155487
"2012-10-01 15:00:00",329.035118056936
"2012-10-02 03:00:00",5.33994495525598
"2012-10-02 04:00:00",10.2077723019762
"2012-10-02 06:00:00",183.02221344732
"2012-10-02 07:00:00",256.439755393308
"2012-10-02 08:00:00",135.224992985615
"2012-10-02 09:00:00",85.5265647367524
"2012-10-02 13:00:00",153.84992642687
"2012-10-02 14:00:00",164.489003047063
"2012-10-02 18:00:00",701.184123454326
"2012-10-02 19:00:00",386.123335089082
"2012-10-02 20:00:00",305.364762490183
"2012-10-02 21:00:00",293.512730617436
"2012-10-02 23:00:00",92.3227959594486
"2012-10-03 00:00:00",54.4997487370153
"2012-10-03 02:00:00",8.70564016415049
"2012-10-03 03:00:00",7.31202360251582
"2012-10-03 09:00:00",352.241368857118
"2012-10-03 11:00:00",229.545282226404
"2012-10-03 14:00:00",247.849845639253
"2012-10-03 16:00:00",483.828038832205
"2012-10-03 18:00:00",823.266574609469
"2012-10-03 23:00:00",229.78941445257
"2012-10-04 00:00:00",75.8546507685035
"2012-10-04 05:00:00",38.6822688256678
"2012-10-04 07:00:00",390.201821135185
"2012-10-04 17:00:00",922.756931389228
"2012-10-04 19:00:00",520.360509575729
"2012-10-04 21:00:00",316.399100629704
"2012-10-04 22:00:00",240.128103352357
"2012-10-05 01:00:00",46.240603064814
"2012-10-05 08:00:00",763.134285987197
"2012-10-05 13:00:00",423.399004155979
"2012-10-05 15:00:00",472.730268261202
"2012-10-06 08:00:00",205.858477352203
"2012-10-06 09:00:00",387.004425904397
"2012-10-06 10:00:00",548.378790803965
"2012-10-06 11:00:00",634.382224494493
"2012-10-06 14:00:00",581.141862141916
"2012-10-06 15:00:00",624.429016151198
"2012-10-06 19:00:00",347.372810443378
"2012-10-06 20:00:00",257.208946575285
"2012-10-06 21:00:00",215.61420725556
"2012-10-06 23:00:00",177.908630738663
"2012-10-07 04:00:00",10.1234242224302
"2012-10-07 16:00:00",327.517725875031
"2012-10-07 18:00:00",106.695887467667
"2012-10-08 04:00:00",7.15538080251073
"2012-10-08 15:00:00",372.775246586373
"2012-10-08 16:00:00",370.121595936062
"2012-10-08 19:00:00",360.820482801435
"2012-10-09 18:00:00",759.097679107685
"2012-10-09 20:00:00",353.539170136042
"2012-10-10 01:00:00",8.02054828305901
"2012-10-10 02:00:00",8.02054828305901
"2012-10-10 03:00:00",6.62693172142433
"2012-10-10 09:00:00",355.201108215673
"2012-10-10 17:00:00",907.667823825717
"2012-10-10 18:00:00",880.138564102867
"2012-10-11 02:00:00",10.8085161035217
"2012-10-11 09:00:00",352.241368857118
"2012-10-11 12:00:00",317.486866003702
"2012-10-11 18:00:00",704.803308559709
"2012-10-11 20:00:00",403.788091903666
"2012-10-12 05:00:00",34.2779586930438
"2012-10-12 06:00:00",142.395183252008
"2012-10-12 14:00:00",378.398515807693
"2012-10-12 16:00:00",535.301798143148
"2012-10-12 17:00:00",836.956639986992
"2012-10-12 18:00:00",652.634981373777
"2012-10-12 22:00:00",156.123149422858
"2012-10-13 09:00:00",271.667979095956
"2012-10-13 10:00:00",344.403876661106
"2012-10-13 18:00:00",475.108195831118
"2012-10-14 07:00:00",50.2497046872345
"2012-10-14 13:00:00",628.083502084213
"2012-10-14 22:00:00",123.590181681937
"2012-10-15 03:00:00",4.56170618846967
"2012-10-15 06:00:00",144.420469628146
"2012-10-15 09:00:00",352.241368857118
"2012-10-15 11:00:00",264.925342539534
"2012-10-15 12:00:00",281.230729129916
"2012-10-15 13:00:00",149.510153111969
"2012-10-15 18:00:00",581.291691827041
"2012-10-15 19:00:00",246.54847897802
"2012-10-16 05:00:00",54.4997487370153
"2012-10-16 08:00:00",824.838662981613
"2012-10-16 09:00:00",353.220632285481
"2012-10-16 16:00:00",455.115077317846
"2012-10-16 20:00:00",429.357632832206
"2012-10-17 00:00:00",51.5317053170958
"2012-10-17 05:00:00",38.6822688256678
"2012-10-17 07:00:00",469.539018267731
"2012-10-17 09:00:00",379.6395767791
"2012-10-17 12:00:00",342.674404108605
"2012-10-17 13:00:00",314.681097498247
"2012-10-17 18:00:00",901.930885033503
"2012-10-18 12:00:00",373.040110709548
"2012-10-18 17:00:00",908.283440740078
"2012-10-18 23:00:00",120.856872867611
"2012-10-19 06:00:00",133.695578699111
"2012-10-19 15:00:00",394.515417788468
"2012-10-19 17:00:00",413.252723544777
"2012-10-19 20:00:00",225.666121569125
"2012-11-01 03:00:00",14.1735257639871
"2012-11-01 06:00:00",150.217636200994
"2012-11-01 11:00:00",161.636090613942
"2012-11-01 17:00:00",680.610423820728
"2012-11-01 20:00:00",301.445546039004
"2012-11-01 22:00:00",205.933245174558
"2012-11-02 01:00:00",23.3038298037108
"2012-11-02 03:00:00",3.91118606098039
"2012-11-02 06:00:00",120.543163622607
"2012-11-02 07:00:00",364.917844728198
"2012-11-02 09:00:00",380.53913454336
"2012-11-02 14:00:00",271.329324057571
"2012-11-02 23:00:00",121.129603153354
"2012-11-03 04:00:00",15.6172044415164
"2012-11-03 13:00:00",466.935028078376
"2012-11-03 19:00:00",240.031868542954
"2012-11-03 22:00:00",143.236302059011
"2012-11-03 23:00:00",147.253511749117
"2012-11-04 01:00:00",162.832461071278
"2012-11-04 02:00:00",37.4344260942192
"2012-11-04 07:00:00",46.7488375927571
"2012-11-04 10:00:00",366.037588267394
"2012-11-04 12:00:00",513.332730441139
"2012-11-05 00:00:00",22.6012843814593
"2012-11-05 01:00:00",8.81415574034151
"2012-11-05 03:00:00",4.43963514206679
"2012-11-05 06:00:00",135.274585738366
"2012-11-05 08:00:00",652.359497696199
"2012-11-05 09:00:00",258.044392088831
"2012-11-05 16:00:00",355.201108215673
"2012-11-05 20:00:00",246.54847897802
"2012-11-06 10:00:00",227.423427676076
"2012-11-06 15:00:00",283.895789516616
"2012-11-06 17:00:00",617.378238457729
"2012-11-07 15:00:00",204.626618407234
"2012-11-07 16:00:00",269.471667518696
"2012-11-07 17:00:00",524.547555456723
"2012-11-07 18:00:00",471.858029322326
"2012-11-07 21:00:00",122.982705867323
"2012-11-08 06:00:00",120.543163622607
"2012-11-08 07:00:00",427.252569328635
"2012-11-08 09:00:00",273.311978047864
"2012-11-08 10:00:00",160.152235488284
"2012-11-08 12:00:00",242.957849738185
"2012-11-08 19:00:00",375.448959261259
"2012-11-08 20:00:00",246.303511511246
"2012-11-08 21:00:00",232.568380615341
"2012-11-08 23:00:00",86.3591031317305
"2012-11-09 06:00:00",133.695578699111
"2012-11-09 10:00:00",198.441692003563
"2012-11-09 12:00:00",263.776223888367
"2012-11-09 14:00:00",271.329324057571
"2012-11-09 15:00:00",355.200542539219
"2012-11-09 22:00:00",165.345932888964
"2012-11-10 02:00:00",44.8402725476943
"2012-11-10 03:00:00",18.7805758689966
"2012-11-10 11:00:00",471.49693970954
"2012-11-10 19:00:00",293.751878013828
"2012-11-10 21:00:00",209.870987066157
"2012-11-11 02:00:00",70.9821477187351
"2012-11-11 06:00:00",20.1376541600506
"2012-11-11 12:00:00",598.763458415742
"2012-11-11 14:00:00",641.487791774416
"2012-11-11 15:00:00",714.250527759267
"2012-11-11 21:00:00",175.672064368926
"2012-11-11 23:00:00",112.134815705386
"2012-11-12 02:00:00",18.6987161759963
"2012-11-12 07:00:00",257.867348792826
"2012-11-12 15:00:00",383.38323178429
"2012-11-12 21:00:00",158.620871273428
"2012-11-12 23:00:00",60.72572058886
"2012-11-13 00:00:00",20.8401995823021
"2012-11-13 02:00:00",11.6145445753445
"2012-11-13 05:00:00",17.3437070812962
"2012-11-13 11:00:00",155.092336056011
"2012-11-13 22:00:00",134.624965572729
"2012-11-13 23:00:00",87.6818440856169
"2012-11-14 01:00:00",12.0706498246158
"2012-11-14 14:00:00",185.143263745221
"2012-11-14 16:00:00",312.141559992225
"2012-11-14 19:00:00",386.123335089082
"2012-11-15 06:00:00",149.352468720446
"2012-11-15 14:00:00",205.803252201831
"2012-11-16 04:00:00",5.68206019407944
"2012-11-17 05:00:00",11.2054823440676
"2012-11-17 18:00:00",277.080079132726
"2012-11-18 05:00:00",10.8085161035217
"2012-11-18 07:00:00",40.0825993427874
"2012-11-18 09:00:00",198.219847931878
"2012-11-18 16:00:00",370.121595936062
"2012-11-19 05:00:00",37.8171013451195
"2012-11-19 09:00:00",290.60902897553
"2012-11-19 22:00:00",118.472466525805
"2012-11-19 23:00:00",72.4930232158329
"2012-12-01 01:00:00",69.8909579407854
"2012-12-01 08:00:00",141.444951898702
"2012-12-01 09:00:00",198.441692003563
"2012-12-01 12:00:00",447.940764225496
"2012-12-01 14:00:00",493.633745333286
"2012-12-01 21:00:00",156.078029352374
"2012-12-01 23:00:00",126.265571576441
"2012-12-02 07:00:00",29.3397427992025
"2012-12-02 09:00:00",169.955494830043
"2012-12-02 12:00:00",535.072124059381
"2012-12-02 15:00:00",431.607669632955
"2012-12-02 23:00:00",50.5863709925792
"2012-12-03 03:00:00",8.02054828305901
"2012-12-03 05:00:00",37.2886522640331
"2012-12-03 07:00:00",390.718351929041
"2012-12-04 03:00:00",4.43963514206679
"2012-12-04 04:00:00",7.31202360251582
"2012-12-04 14:00:00",278.404234544303
"2012-12-04 18:00:00",733.75564812692
"2012-12-05 03:00:00",7.31202360251582
"2012-12-05 06:00:00",122.646039561978
"2012-12-05 12:00:00",230.51512180348
"2012-12-05 13:00:00",215.293674506015
"2012-12-06 01:00:00",17.3437070812962
"2012-12-06 09:00:00",271.393969702321
"2012-12-06 10:00:00",143.319490203259
"2012-12-06 11:00:00",177.494004334273
"2012-12-06 16:00:00",320.299546790519
"2012-12-07 11:00:00",205.537543881242
"2012-12-07 14:00:00",222.567553443375
"2012-12-07 17:00:00",546.362652092628
"2012-12-07 20:00:00",246.54847897802
"2012-12-07 22:00:00",165.783293276775
"2012-12-08 00:00:00",101.101643002227
"2012-12-08 01:00:00",97.9842544004649
"2012-12-08 05:00:00",6.20511243580426
"2012-12-08 06:00:00",20.3357863837913
"2012-12-08 09:00:00",166.699795041896
"2012-12-08 11:00:00",413.366532777235
"2012-12-08 12:00:00",491.483562369213
"2012-12-08 18:00:00",300.664050310103
"2012-12-08 23:00:00",165.345932888964
"2012-12-09 00:00:00",112.743902707633
"2012-12-09 01:00:00",98.71119126964
"2012-12-09 02:00:00",77.5657890500285
"2012-12-09 04:00:00",12.5059762489081
"2012-12-09 08:00:00",67.1295878534839
"2012-12-09 12:00:00",306.149630109842
"2012-12-09 17:00:00",229.338488008882
"2012-12-10 03:00:00",4.81149587416959
"2012-12-10 08:00:00",581.532431589491
"2012-12-10 11:00:00",137.208808231898
"2012-12-10 19:00:00",424.518647846536
"2012-12-10 20:00:00",298.242271529089
"2012-12-11 12:00:00",215.293674506015
"2012-12-11 13:00:00",271.122921878909
"2012-12-11 14:00:00",198.858380293961
"2012-12-11 17:00:00",594.480657524697
"2012-12-11 18:00:00",545.574728407542
"2012-12-11 23:00:00",63.6937640087795
"2012-12-12 02:00:00",8.3079883751755
"2012-12-12 03:00:00",10.1059706812702
"2012-12-12 05:00:00",37.2886522640331
"2012-12-12 07:00:00",371.24399634784
"2012-12-12 12:00:00",225.536128596398
"2012-12-12 22:00:00",121.222745144039
"2012-12-12 23:00:00",85.656557709479
"2012-12-13 02:00:00",8.47600727283379
"2012-12-13 03:00:00",3.16808962683499
"2012-12-13 12:00:00",278.954656094846
"2012-12-13 15:00:00",284.051210614397
"2012-12-13 19:00:00",350.765461466863
"2012-12-13 20:00:00",241.662559637415
"2012-12-13 21:00:00",215.423667478741
"2012-12-13 23:00:00",120.301878748723
"2012-12-14 12:00:00",278.550485139689
"2012-12-14 14:00:00",291.81845448699
"2012-12-14 18:00:00",472.09593492453
"2012-12-14 20:00:00",215.423667478741
"2012-12-15 02:00:00",71.2136988946718
"2012-12-15 03:00:00",20.8401995823021
"2012-12-15 05:00:00",3.91118606098039
"2012-12-15 08:00:00",122.710695141167
"2012-12-15 14:00:00",428.445459576649
"2012-12-15 16:00:00",419.500504133965
"2012-12-15 18:00:00",278.404234544303
"2012-12-16 00:00:00",104.408199202396
"2012-12-16 01:00:00",93.6474868416862
"2012-12-16 03:00:00",37.8171013451195
"2012-12-16 04:00:00",11.2054823440676
"2012-12-16 10:00:00",261.223666939608
"2012-12-16 13:00:00",353.149828655754
"2012-12-16 14:00:00",306.969918066922
"2012-12-16 20:00:00",122.790960340936
"2012-12-16 22:00:00",87.6818440856169
"2012-12-17 04:00:00",5.30480262261507
"2012-12-17 08:00:00",582.645212091422
"2012-12-17 09:00:00",292.621846704966
"2012-12-18 09:00:00",325.298127221405
"2012-12-18 12:00:00",306.969918066922
"2012-12-18 14:00:00",247.849845639253
"2012-12-18 21:00:00",168.96873593309
"2012-12-18 23:00:00",83.391059711811
"2012-12-19 03:00:00",5.68206019407944
"2012-12-19 07:00:00",368.274025839714
"2012-12-19 11:00:00",195.481952645008
"2012-12-19 21:00:00",165.662179732921
